track_id,track_name,total_sold,total_revenue
449,Calling Dr. Love,2,1.98
2959,Hallelujah Here She Comes,2,1.98
3177,Hot Girl,2,3.98
1853,Battery,2,1.98
867,Açai,2,1.98
3048,C'est La Vie,2,1.98
2714,Heaven Coming Down,2,1.98
20,Overdose,2,1.98
2491,Cherub Rock,2,1.98
1394,The Prisoner,2,1.98
403,Bumbo Da Mangueira,2,1.98
2305,Binky The Doormat,2,1.98
2404,Right On Time,2,1.98
1180,Breakdown,2,1.98
2482,Saturnine,2,1.98
1401,Judgement Of Heaven,2,1.98
3280,War Pigs,2,1.98
2549,Piece Of Pie,2,1.98
1371,Moonchild,2,1.98
2600,Train In Vain,2,1.98
1424,Hey America,2,1.98
1858,Leper Messiah,2,1.98
3082,Eruption,2,1.98
1599,Dancing Days,2,1.98
252,Samba Do Lado,2,1.98
2868,Walkabout,2,3.98
2299,Undertow,2,1.98
1626,How Many More Times,2,1.98
2781,Comida,2,1.98
2945,Peace On Earth,2,1.98
2108,Children Of The Grave,2,1.98
229,Samba De Orly,2,1.98
2713,Release,2,1.98
1112,Beira Mar,2,1.98
2249,Rappers Reais,2,1.98
1208,For the Greater Good of God,2,1.98
3214,Phyllis's Wedding,2,3.98
1145,Whatsername,2,1.98
416,Whiskey In The Jar,2,1.98
1090,Stir It Up (Live),2,1.98
1169,Garden of Eden,2,1.98
2518,Pretty Noose,2,1.98
1126,Re-Align,2,1.98
2792,A Melhor Forma,2,1.98
2120,Walking Into Clarksdale,2,1.98
728,Woman Of The World (Ao Vivo),2,1.98
2736,Boris The Spider,2,1.98
2250,Nega Do Cabelo Duro,2,1.98
1795,Down by the Sea,2,1.98
937,Midlife Crisis,2,1.98
762,No No No,2,1.98
2769,Não Quero Dinheiro,2,1.98
693,Sweet Hitch-Hiker,2,1.98
880,"Dois Pra Lá, Dois Pra Cá",2,1.98
407,Só Tinha De Ser Com Você,2,1.98
2040,Revolta Olodum,2,1.98
913,Lonely Stranger,2,1.98
2991,All Along The Watchtower,2,1.98
1576,Rock And Roll All Nite,2,1.98
1322,The Trooper,2,1.98
1331,Run Silent Run Deep,2,1.98
1831,Motorbreath,2,1.98
2495,Bullet With Butterfly Wings,2,1.98
2786,O Pulso,2,1.98
2531,End Of Romanticism,2,1.98
1888,Shoot Me Again,2,1.98
2295,Untitled,2,1.98
1389,Gangland,2,1.98
698,Good Golly Miss Molly,2,1.98
2946,When I Look At The World,2,1.98
994,The Last Song,2,1.98
466,J Squared,2,1.98
705,The Midnight Special,2,1.98
1099,A Novidade (Live),2,1.98
976,Falamansa Song,2,1.98
32,Deuces Are Wild,2,1.98
171,Bowels Of The Devil,2,1.98
2259,You're My Best Friend,2,1.98
2537,Travis Walk,2,1.98
1400,The Aftermath,2,1.98
3013,Sweetest Thing,2,1.98
1865,Better Than You,2,1.98
2618,Speed Of Light,2,1.98
744,Mis Penas Lloraba Yo (Ao Vivo) Soy Gitano (Tangos),2,1.98
2054,Selvagem,2,1.98
2073,Saber Amar,2,1.98
3100,Year to the Day,2,1.98
8,Inject The Venom,2,1.98
2504,Real Love,2,1.98
1690,Tempo Perdido,2,1.98
2386,Tear,2,1.98
1367,The Number Of The Beast,2,1.98
1940,Norwegian Wood,2,1.98
1192,L'Arc En Ciel De Miles,2,1.98
2560,Violent Pornography,2,1.98
1135,Holiday,2,1.98
2096,Flying High Again,2,1.98
3001,The Star Spangled Banner,2,1.98
1226,Can I Play With Madness,2,1.98
1162,Perfect Crime,2,1.98
1621,Dazed and Confused,2,1.98
1841,The House Jack Built,2,1.98
298,A Cor Do Sol,2,1.98
1603,In The Evening,2,1.98
1012,Times Like These,2,1.98
548,Smoke On The Water,2,1.98
1632,Living Loving Maid (She's Just A Woman),2,1.98
2584,Title Song,2,1.98
2804,Lugar Nenhum,2,1.98
2097,"Mama, I'm Coming Home",2,1.98
2172,Big Wave,2,1.98
241,Geni E O Zepelim,2,1.98
960,What A Day,2,1.98
2063,Nebulosa Do Amor,2,1.98
3432,"Scheherazade, Op. 35: I. The Sea and Sindbad's Ship",2,1.98
2750,You Better You Bet,2,1.98
198,When My Left Eye Jumps,2,1.98
1808,Nothing Else Matters,2,1.98
175,Voodoo,2,1.98
2154,Untitled,2,1.98
2067,Mensagen De Amor (2000),2,1.98
2027,Menino De Rua,2,1.98
2763,Compadre,2,1.98
1089,Is This Love (Live),2,1.98
3025,Red Light,2,1.98
3250,Pilot,2,3.98
9,Snowballed,2,1.98
903,Lay Down Sally,2,1.98
2017,Sangue Latino,2,1.98
234,Morena De Angola,2,1.98
3036,Dirty Day,2,1.98
1656,For Your Life,2,1.98
1922,Menestrel Das Alagoas,2,1.98
936,Caffeine,2,1.98
2982,Miami,2,1.98
316,Linha Do Equador,2,1.98
1864,The Unforgiven II,2,1.98
3018,Sunday Bloody Sunday,2,1.98
1321,Hallowed Be Thy Name,2,1.98
3223,How to Stop an Exploding Man,2,3.98
473,When I Come Around,2,1.98
3455,Rehab,2,1.98
1168,The Garden,2,1.98
162,Cornucopia,2,1.98
443,Shock Me,2,1.98
3446,"Symphonie Fantastique, Op. 14: V. Songe d'une nuit du sabbat",2,1.98
1633,Ramble On,2,1.98
1835,Phantom Lord,2,1.98
1554,Turbo Lover,2,1.98
2636,Sun King,2,1.98
66,Por Causa De Você,2,1.98
3064,Eruption,2,1.98
2272,We Are The Champions,2,1.98
1786,Save The Children,2,1.98
512,Comportamento Geral,2,1.98
2832,The Woman King,2,3.98
2322,So Central Rain,2,1.98
3488,"Music for the Funeral of Queen Mary: VI. ""Thou Knowest, Lord, the Secrets of Our Hearts""",2,1.98
1609,I'm Gonna Crawl,2,1.98
858,Esquinas,2,1.98
3268,Beautiful Boy,2,1.98
2286,Get Up,2,1.98
2816,Toda Cor,2,1.98
1799,Shakes and Ladders,2,1.98
2554,Soldier Side - Intro,2,1.98
3200,Gay Witch Hunt,2,3.98
1157,Rocket Queen,2,1.98
716,Brasil,2,1.98
1344,Aces High,2,1.98
2263,Somebody To Love,2,1.98
625,Blue Rythm Fantasy,2,1.98
161,Snowblind,2,1.98
907,Promises,2,1.98
1440,"Whatever It Is, I Just Can't Stop",2,1.98
1563,Plaster Caster,2,1.98
675,Susie Q,2,1.98
2136,Plot 180,2,1.98
1567,Sure Know Something,2,1.98
2759,Música No Ar,2,1.98
2352,Que Luz É Essa,2,1.98
3482,"Suite No. 3 in D, BWV 1068: III. Gavotte I & II",2,1.98
626,Drum Boogie,2,1.98
1644,Bron-Y-Aur Stomp,2,1.98
1244,The Thin Line Between Love & Hate,2,1.98
496,Living On Love,2,1.98
2329,I Believe,2,1.98
780,Maybe I'm A Leo,2,1.98
1785,"Abraham, Martin And John",2,1.98
635,Lemon Drop,2,1.98
1672,L'Avventura,2,1.98
2018,Folhas Secas,2,1.98
2090,Romance Ideal,2,1.98
2968,City Of Blinding Lights,2,1.98
1553,You've Got Another Thing Comin',2,1.98
1335,Where Eagles Dare,2,1.98
207,Meditação,2,1.98
2328,Fall On Me,2,1.98
264,Amor De Muito,2,1.98
871,Azul,2,1.98
681,Commotion,2,1.98
2085,Meu Erro,2,1.98
1358,Blood Brothers,2,1.98
280,Lixo Do Mangue,2,1.98
704,Don't Look Now,2,1.98
1876,For Whom The Bell Tolls,2,1.98
1377,The Clairvoyant,2,1.98
1590,Walter's Walk,2,1.98
3256,Give Peace a Chance,2,1.98
1904,The Duke,2,1.98
948,Easy,2,1.98
1822,Stone Cold Crazy,2,1.98
1103,Lamento De Carnaval,2,1.98
2,Balls to the Wall,2,1.98
2995,Pride (In The Name Of Love),2,1.98
1708,Mr. Cab Driver,2,1.98
1139,Give Me Novacaine,2,1.98
84,Welcome Home (Sanitarium),2,1.98
3500,"String Quartet No. 12 in C Minor, D. 703 ""Quartettsatz"": II. Andante - Allegro assai",2,1.98
2031,Nossa Gente (Avisa Là),2,1.98
48,Not The Doctor,2,1.98
894,Sunshine Of Your Love,2,1.98
2793,Cabeça Dinossauro,2,1.98
925,Last Cup Of Sorrow,2,1.98
3024,Two Hearts Beat As One,2,1.98
639,Don't Take Your Love From Me,2,1.98
217,Mel,2,1.98
461,Surrender,2,1.98
2527,Starburst,2,1.98
240,Meu Caro Amigo,2,1.98
1458,Light Years,2,1.98
662,Pela Luz dos Olhos Teus (Miúcha e Tom Jobim),2,1.98
2340,Esporrei Na Manivela,2,1.98
671,As Rosas Não Falam (Beth Carvalho),2,1.98
2572,Midnight From The Inside Out,2,1.98
2368,Under The Bridge,2,1.98
1476,Take It Or Leave It,2,1.98
2561,Question!,2,1.98
930,She Loves Me Not,2,1.98
2727,Babylon,2,1.98
430,I'm Going Slightly Mad,2,1.98
2955,Everlasting Love,2,1.98
2481,Waiting,2,1.98
211,Bem Devagar,2,1.98
472,Basket Case,2,1.98
439,Sure Know Something,2,1.98
648,Onde Anda Você,2,1.98
857,Álibi,2,1.98
184,Chemical Wedding,2,1.98
2317,Country Feedback,2,1.98
530,Ando Meio Desligado,2,1.98
393,Tarde Em Itapoã,2,1.98
1412,Don't Look To The Eyes Of A Stranger,2,1.98
2723,Gyroscope,2,1.98
394,Tanto Tempo,2,1.98
484,Nice Guys Finish Last,2,1.98
2850,The Fix,2,3.98
3137,Now You're Gone,1,0.99
1639,Since I've Been Loving You,1,0.99
2455,Maquinarama,1,0.99
3012,The Unforgettable Fire,1,0.99
1495,Highway Chile,1,0.99
1021,Monkey Wrench,1,0.99
5,Princess of the Dawn,1,0.99
1165,Back off Bitch,1,0.99
1608,All My Love,1,0.99
3342,The Economist,1,1.99
1429,It's Too Funky In Here,1,0.99
807,Stormbringer,1,0.99
2705,Walking Wounded,1,0.99
361,X-9 2001,1,0.99
1173,Coma,1,0.99
2971,Crumbs From Your Table,1,0.99
1508,Mama Africa,1,0.99
2227,Crystal Ball,1,0.99
1557,Metal Meltdown,1,0.99
785,Space Truckin',1,0.99
643,Jungle Drums,1,0.99
2074,Ela Disse Adeus,1,0.99
3136,Looking For Love,1,0.99
3029,Babyface,1,0.99
343,Communication Breakdown(2),1,0.99
31,Blind Man,1,0.99
1199,She Wears Black,1,0.99
2534,Tightrope,1,0.99
3246,Baltar's Escape,1,1.99
2695,Moon Is Up,1,0.99
2078,Óculos,1,0.99
722,Meu Mundo Fica Completo (Com Você),1,0.99
3396,Shape of Things to Come,1,0.99
1097,Opachorô (Live),1,0.99
199,Leave My Girl Alone,1,0.99
1374,The Evil That Men Do,1,0.99
902,Swing Low Sweet Chariot,1,0.99
1142,Letterbomb,1,0.99
740,Socorro,1,0.99
2166,World Wide Suicide,1,0.99
2986,Wake Up Dead Man,1,0.99
230,"Bye, Bye Brasil",1,0.99
2236,Brain Damage,1,0.99
1663,Celebration Day,1,0.99
1917,A Noite Do Meu Bem,1,0.99
78,Master Of Puppets,1,0.99
2199,Oceans,1,0.99
1927,Para Lennon E McCartney,1,0.99
611,E.S.P.,1,0.99
621,Going Down / Highway Star,1,0.99
1382,Heaven Can Wait,1,0.99
1852,The Outlaw Torn,1,0.99
2387,On Mercury,1,0.99
2751,Primavera,1,0.99
585,Entre E Ouça,1,0.99
455,God Gave Rock 'n' Roll To You,1,0.99
708,Pagan Baby,1,0.99
1630,Thank You,1,0.99
448,God Of Thunder,1,0.99
2545,No Memory,1,0.99
701,Night Time Is The Right Time,1,0.99
1861,Fuel,1,0.99
322,Livre Pra Viver,1,0.99
2757,New Love,1,0.99
2346,No Fundo Do Quintal Da Escola,1,0.99
863,Um Amor Puro,1,0.99
1886,Invisible Kid,1,0.99
1413,Como Estais Amigos,1,0.99
289,Podes Crer,1,0.99
1202,These Colours Don't Run,1,0.99
3000,God Part II,1,0.99
2450,Três Lados,1,0.99
2762,Cristina Nº 2,1,0.99
490,River Song,1,0.99
3391,Sound of a Gun,1,0.99
627,Let Me Off Uptown,1,0.99
286,Firmamento,1,0.99
376,Vôo Sobre o Horizonte,1,0.99
2963,"Trash, Trampoline And The Party Girl",1,0.99
147,Blood In The Wall,1,0.99
2473,Aeroplane Flies High,1,0.99
480,Stuck With Me,1,0.99
1834,Whiplash,1,0.99
1941,Caso Você Queira Saber,1,0.99
3019,Seconds,1,0.99
2432,Funky Piano,1,0.99
1470,Get What You Need,1,0.99
989,In Your Honor,1,0.99
2278,Sleep On The Sidewalk,1,0.99
535,Chão De Estrelas,1,0.99
1159,Dust N' Bones,1,0.99
3409,"Suite for Solo Cello No. 1 in G Major, BWV 1007: I. Prélude",1,0.99
1820,Breadfan,1,0.99
2562,Sad Statue,1,0.99
2132,Ito Okashi,1,0.99
3441,Two Fanfares for Orchestra: II. Short Ride in a Fast Machine,1,0.99
2187,Green Disease,1,0.99
3347,Meet Kevin Johnson,1,1.99
3055,Secrets,1,0.99
2699,Sweethearts Together,1,0.99
2319,Radio Free Aurope,1,0.99
1869,Where The Wild Things Are,1,0.99
918,Alberta,1,0.99
2050,I Feel Good (I Got You) - Sossego,1,0.99
848,Outbreak,1,0.99
1303,Die With Your Boots On,1,0.99
2918,"""?""",1,1.99
1588,Poor Tom,1,0.99
2051,Uns Dias,1,0.99
1418,Papa's Got A Brand New Bag Pt.1,1,0.99
881,Casa no Campo,1,0.99
385,All Star,1,0.99
492,Don't You Cry,1,0.99
3094,One I Want,1,0.99
2375,By The Way,1,0.99
544,Stormbringer,1,0.99
2163,Black,1,0.99
3159,Camarão que Dorme e Onda Leva,1,0.99
1667,No Quarter,1,0.99
308,Na Frente Da TV,1,0.99
1072,Forty Days Instrumental,1,0.99
1586,Thank You,1,0.99
2669,Get Off Of My Cloud,1,0.99
248,Etnia,1,0.99
2725,Release,1,0.99
1918,Paisagem Na Janela,1,0.99
208,Terra,1,0.99
24,Love In An Elevator,1,0.99
966,Falling To Pieces,1,0.99
1607,Carouselambra,1,0.99
94,Hypnotize,1,0.99
49,Wake Up,1,0.99
1188,Colibri,1,0.99
2069,La Bella Luna,1,0.99
2148,Iron Maiden,1,0.99
1955,Please Don't Touch,1,0.99
2021,Quem Mata A Mulher Mata O Melhor,1,0.99
1580,Black Dog,1,0.99
477,Brain Stew,1,0.99
781,Pictures Of Home,1,0.99
2431,Just Ain't Good Enough,1,0.99
1362,Dream Of Mirrors,1,0.99
2606,Know Your Rights,1,0.99
1509,Salve Simpatia,1,0.99
2743,Baba O'Riley,1,0.99
2075,O Amor Nao Sabe Esperar,1,0.99
3437,"Piano Sonata No. 14 in C Sharp Minor, Op. 27, No. 2, ""Moonlight"": I. Adagio sostenuto",1,0.99
2124,Sons Of Freedom,1,0.99
1686,Será,1,0.99
849,"Baltimore, DC",1,0.99
2055,Brasília 5:31,1,0.99
1905,My Ship,1,0.99
919,San Francisco Bay Blues,1,0.99
1348,Duelists,1,0.99
3231,The Lost Warrior,1,1.99
2841,One Giant Leap,1,1.99
1894,...And Justice For All,1,0.99
932,Paths Of Glory,1,0.99
1673,Música De Trabalho,1,0.99
2298,New Test Leper,1,0.99
1781,Seek And You Shall Find,1,0.99
733,E.C.T.,1,0.99
269,Banditismo Por Uma Questa,1,0.99
2311,Low,1,0.99
1594,Wearing And Tearing,1,0.99
125,"Spanish moss-""A sound portrait""-Spanish moss",1,0.99
3146,Faixa Amarela,1,0.99
700,Wrote A Song For Everyone,1,0.99
1308,From Here To Eternity,1,0.99
43,Forgiven,1,0.99
3237,"The Living Legend, Pt. 1",1,1.99
3191,The Carpet,1,1.99
1649,Ten Years Gone,1,0.99
187,Book Of Thel,1,0.99
349,You Shook Me(2),1,0.99
2953,Bass Trap,1,0.99
1789,Praise,1,0.99
2065,Trac Trac,1,0.99
1416,Night Train,1,0.99
242,Trocando Em Miúdos,1,0.99
677,Proud Mary,1,0.99
2226,Pick Myself Up,1,0.99
2690,Love Is Strong,1,0.99
1954,Dirty Love,1,0.99
2826,Hero,1,1.99
1232,Heaven Can Wait,1,0.99
3457,Me & Mr. Jones,1,0.99
4,Restless and Wild,1,0.99
2419,Finding My Way,1,0.99
3154,Feirinha da Pavuna/Luz do Repente/Bagaço da Laranja,1,0.99
844,Groovus Interruptus,1,0.99
2301,Leave,1,0.99
1787,You Sure Love To Ball,1,0.99
1039,What Now My Love,1,0.99
631,How High The Moon,1,0.99
3473,Take the Box,1,0.99
107,Yesterday To Tomorrow,1,0.99
6,Put The Finger On You,1,0.99
1163,You Ain't the First,1,0.99
2628,Love Removal Machine,1,0.99
2200,Porch,1,0.99
1628,What Is And What Should Never Be,1,0.99
1650,Night Flight,1,0.99
2351,Todo Mundo Explica,1,0.99
340,Dazed and Confused,1,0.99
3077,Can't Stop Loving You,1,0.99
1572,Every Time I Look At You,1,0.99
1982,Primal Scream,1,0.99
3364,"There's No Place Like Home, Pt. 3",1,1.99
2023,O Braço Da Minha Guitarra,1,0.99
2998,When Love Comes To Town,1,0.99
2815,Eu E Ela,1,0.99
924,Stripsearch,1,0.99
2748,Squeeze Box,1,0.99
3058,Dancing In The Street,1,0.99
1054,Mack The Knife,1,0.99
3461,Tears Dry On Their Own,1,0.99
651,Pot-Pourri N.º 5,1,0.99
38,All I Really Want,1,0.99
1449,Destitute Illusions,1,0.99
3009,Bad,1,0.99
3292,Still Loving You,1,0.99
3490,"Partita in E Major, BWV 1006A: I. Prelude",1,0.99
985,Medo De Escuro,1,0.99
3248,Take the Celestra,1,1.99
2877,The Moth,1,1.99
3328,Armadura,1,0.99
1601,No Quarter,1,0.99
2092,SKA,1,0.99
2173,Gone,1,0.99
931,Got That Feeling,1,0.99
2845,Nothing to Hide,1,1.99
3247,Experiment In Terra,1,1.99
2896,The Long Con,1,1.99
2777,Balanço,1,0.99
1654,Sick Again,1,0.99
2551,Wet My Bed,1,0.99
1991,Been A Son,1,0.99
3182,Halloween,1,1.99
304,Firmamento,1,0.99
3481,"A Midsummer Night's Dream, Op.61 Incidental Music: No.7 Notturno",1,0.99
2190,1/2 Full,1,0.99
633,Up An' Atom,1,0.99
2344,Maluco Beleza,1,0.99
450,Beth,1,0.99
405,Santo Antonio,1,0.99
1197,Thinking 'Bout Tomorrow,1,0.99
1063,Funk Hum,1,0.99
2369,Naked In The Rain,1,0.99
679,Lodi,1,0.99
375,Mas Que Nada,1,0.99
983,Principiando/Decolagem,1,0.99
680,Green River,1,0.99
2823,Collaborators,1,1.99
1160,Live and Let Die,1,0.99
1359,Sign Of The Cross,1,0.99
982,Avisa,1,0.99
1445,Planet Home,1,0.99
1330,The Assassin,1,0.99
821,Ramshackle Man,1,0.99
1826,Damage Case,1,0.99
2709,Sister Awake,1,0.99
1141,Extraordinary Girl,1,0.99
1329,Fates Warning,1,0.99
659,Samba Em Prelúdio,1,0.99
1481,Red House,1,0.99
1490,Hey Joe,1,0.99
2578,Miracle To Me,1,0.99
3291,Loving You Sunday Morning,1,0.99
566,Caprichosos,1,0.99
457,De La Luz,1,0.99
553,Houses Of The Holy,1,0.99
1640,Out On The Tiles,1,0.99
1968,Demorou!,1,0.99
927,Helpless,1,0.99
3284,Never Say Die,1,0.99
2989,Desire,1,0.99
3315,Feel It,1,0.99
774,The Unwritten Law,1,0.99
1385,De Ja Vu,1,0.99
2519,Burden In My Hand,1,0.99
2510,Get On The Snake,1,0.99
398,Only A Dream In Rio,1,0.99
1726,Satisfação,1,0.99
165,Under The Sun/Every Day Comes and Goes,1,0.99
2641,The Crystal Ship,1,0.99
1732,Aquilo,1,0.99
2645,Back Door Man,1,0.99
3226,"Battlestar Galactica, Pt. 1",1,1.99
2231,Time,1,0.99
3059,Little Guitars (Intro),1,0.99
1267,Fear Of The Dark,1,0.99
2928,One,1,0.99
2427,Santana Jam,1,0.99
2797,Homem Primata (Vinheta),1,0.99
245,Construção / Deus Lhe Pague,1,0.99
1326,Holy Smoke,1,0.99
2901,Homecoming,1,1.99
3016,Angel Of Harlem,1,0.99
1807,Through The Never,1,0.99
1127,I Fucking Hate You,1,0.99
2348,As Profecias,1,0.99
2222,Bush Doctor,1,0.99
1017,Overdrive,1,0.99
558,Viradouro,1,0.99
144,Heart Of Gold,1,0.99
1754,White Feather,1,0.99
598,Jeru,1,0.99
3222,The Job,1,1.99
2505,[Untitled],1,0.99
287,Extra,1,0.99
2511,Jesus Christ Pose,1,0.99
167,Body Count's In The House,1,0.99
2499,Eye,1,0.99
3169,The Man Behind the Curtain,1,1.99
2886,Stranger In a Strange Land,1,1.99
1352,Intro,1,0.99
1859,Orion,1,0.99
3444,Romeo et Juliette: No. 11 - Danse des Chevaliers,1,0.99
2058,Navegar Impreciso,1,0.99
3238,"The Living Legend, Pt. 2",1,1.99
3414,"Symphony No. 104 in D Major ""London"": IV. Finale: Spiritoso",1,0.99
1441,Blow Your Mind,1,0.99
2718,Life Line,1,0.99
2217,Don't Look Back,1,0.99
1035,"New York, New York",1,0.99
367,Leandro De Itaquera 2001,1,0.99
2458,Fica,1,0.99
2091,Será Que Vai Chover?,1,0.99
572,Put Your Lights On,1,0.99
1735,Ro-Que-Se-Da-Ne,1,0.99
247,O Cidadão Do Mundo,1,0.99
2326,Can't Get There From Here,1,0.99
3333,Chega no Suingue,1,0.99
423,I Want To Break Free,1,0.99
1240,Dream Of Mirrors,1,0.99
1881,The Call Of Ktulu,1,0.99
411,Turn The Page,1,0.99
1946,Fast And Loose,1,0.99
869,Flor De Lis,1,0.99
2905,The Whole Truth,1,1.99
3087,Atomic Punk,1,0.99
2339,Puteiro Em João Pessoa,1,0.99
2186,Get Right,1,0.99
672,Wave (Os Cariocas),1,0.99
3267,Imagine,1,0.99
3387,Disappearing Act,1,0.99
1584,That's The Way,1,0.99
1454,Deeper Underground,1,0.99
2805,Sua Impossivel Chance,1,0.99
3065,Ain't Talkin' 'bout Love,1,0.99
256,Sobremesa,1,0.99
3091,On Fire,1,0.99
1812,The Struggle Within,1,0.99
3145,Sweet Lady Luck,1,0.99
3337,"Past, Present, and Future",1,1.99
1860,Damage Inc.,1,0.99
422,I Want It All,1,0.99
885,Fascinação,1,0.99
185,The Tower,1,0.99
215,Sozinho,1,0.99
1107,Refazenda,1,0.99
1526,Encontrar Alguém,1,0.99
617,Jean Pierre (Live),1,0.99
3106,Big Machine,1,0.99
2253,Se Liga,1,0.99
3173,Diversity Day,1,1.99
3014,Desire,1,0.99
1531,Onibusfobia,1,0.99
2022,Mundaréu,1,0.99
2607,Rock The Casbah,1,0.99
3296,I Can't Explain,1,0.99
2522,Bleed Together,1,0.99
817,Lick It Up,1,0.99
426,Breakthru,1,0.99
2808,Domingo,1,0.99
1840,2 X 4,1,0.99
169,Body Count,1,0.99
3477,Amy Amy Amy (Outro),1,0.99
299,Onde Você Mora?,1,0.99
2822,"Exodus, Pt. 2",1,1.99
1113,Sampa,1,0.99
1317,Heaven Can Wait,1,0.99
1702,Are You Gonna Go My Way,1,0.99
660,Carta Ao Tom 74,1,0.99
971,The Morning After,1,0.99
1759,Tempos Modernos,1,0.99
910,Before You Accuse Me,1,0.99
236,A Banda,1,0.99
941,Malpractice,1,0.99
949,Get Out,1,0.99
2761,Você Fugiu,1,0.99
135,Super Terrorizer,1,0.99
2970,A Man And A Woman,1,0.99
2362,Suck My Kiss,1,0.99
2334,Infeliz Natal,1,0.99
454,Plaster Caster,1,0.99
2077,Caleidoscópio,1,0.99
879,Atrás da Porta,1,0.99
500,Wherever You May Go,1,0.99
1204,The Pilgrim,1,0.99
2590,Remedy,1,0.99
3440,"Concerto for Cello and Orchestra in E minor, Op. 85: I. Adagio - Moderato",1,0.99
2646,I Looked At You,1,0.99
1994,Spank Thru,1,0.99
2980,Last Night On Earth,1,0.99
1138,St. Jimmy,1,0.99
1085,Lamento Sertanejo,1,0.99
121,Good Golly Miss Molly,1,0.99
1353,The Wicker Man,1,0.99
3436,"Karelia Suite, Op.11: 2. Ballade (Tempo Di Menuetto)",1,0.99
1407,The Angel And The Gambler,1,0.99
2418,Fly By Night,1,0.99
3017,All I Want Is You,1,0.99
2937,Love Is Blindness,1,0.99
1031,Walking After You,1,0.99
1184,Estranged,1,0.99
15,Go Down,1,0.99
859,Se...,1,0.99
767,No One Came,1,0.99
2062,Life During Wartime,1,0.99
2627,Wild Hearted Son,1,0.99
244,Gota D'água,1,0.99
1124,Make Me Believe,1,0.99
468,Maria,1,0.99
1717,Assim Caminha A Humanidade,1,0.99
721,"Você Passa, Eu Acho Graça (Ao Vivo)",1,0.99
251,Um Passeio No Mundo Livre,1,0.99
1436,Hooked Up,1,0.99
2464,Garota Nacional,1,0.99
2008,Polly,1,0.99
786,Vavoom : Ted The Mechanic,1,0.99
3346,Ji Yeon,1,1.99
1945,Live To Win,1,0.99
321,Felicidade Urgente,1,0.99
2223,Wanted Dread And Alive,1,0.99
402,Um Jantar Pra Dois,1,0.99
3187,Christmas Party,1,1.99
804,Fortuneteller,1,0.99
3410,"The Messiah: Behold, I Tell You a Mystery... The Trumpet Shall Sound",1,0.99
2947,New York,1,0.99
1934,Ponta de Areia,1,0.99
866,Oceano,1,0.99
2047,"Um Amor, Um Lugar",1,0.99
2932,The Fly,1,0.99
2104,Relvelation (Mother Earth),1,0.99
2844,Better Halves,1,1.99
1391,Invaders,1,0.99
467,Best Thing,1,0.99
776,Hush,1,0.99
2887,The 23rd Psalm,1,1.99
3332,Funk de Bamba,1,0.99
2026,Às Vezes,1,0.99
1636,Immigrant Song,1,0.99
1121,Straight Out Of Line,1,0.99
2493,Disarm,1,0.99
3302,Put Your Head Out,1,0.99
1882,Frantic,1,0.99
1343,To Tame A Land,1,0.99
724,Música Urbana 2,1,0.99
1323,Sanctuary,1,0.99
2746,5.15,1,0.99
1222,Iron Maiden,1,0.99
2405,Road Trippin',1,0.99
1714,Believe,1,0.99
2978,If God Will Send His Angels,1,0.99
339,Communication Breakdown,1,0.99
2041,Reggae Odoyá,1,0.99
2287,You Are The Everything,1,0.99
772,Black Night,1,0.99
3279,Fairies Wear Boots,1,0.99
335,My Love,1,0.99
1931,Beijo Partido,1,0.99
808,Love Don't Mean a Thing,1,0.99
1695,Pais E Filhos,1,0.99
3470,I Heard Love Is Blind,1,0.99
1768,Dança Da Solidão,1,0.99
952,The Gentle Art Of Making Enemies,1,0.99
2489,Rhinocerous,1,0.99
2732,"Anyway, Anyhow, Anywhere",1,0.99
890,Aprendendo A Jogar,1,0.99
2107,Iron Man,1,0.99
1214,Prowler,1,0.99
517,Um Indio,1,0.99
1999,Polly,1,0.99
1111,A Paz,1,0.99
129,Solo-Panhandler,1,0.99
2102,Mr. Crowley,1,0.99
1181,Pretty Tied Up,1,0.99
789,Sometimes I Feel Like Screaming,1,0.99
1838,Metal Militia,1,0.99
2277,"Get Down, Make Love",1,0.99
3297,Tease Me Please Me,1,0.99
1491,Stone Free,1,0.99
1172,Dead Horse,1,0.99
1351,Rime of the Ancient Mariner,1,0.99
3319,Instinto Colectivo,1,0.99
1660,Hots On For Nowhere,1,0.99
2914,S.O.S.,1,1.99
1333,Bring Your Daughter... ...To The Slaughter,1,0.99
1610,Black Dog,1,0.99
943,Be Aggressive,1,0.99
2003,Smells Like Teen Spirit,1,0.99
330,Levada do Amor (Ailoviu),1,0.99
451,Strutter,1,0.99
1220,Run To The Hilss,1,0.99
348,I Can't Quit You Baby(2),1,0.99
1634,Moby Dick,1,0.99
3273,[Just Like] Starting Over,1,0.99
112,Long Tall Sally,1,0.99
2113,Shining In The Light,1,0.99
268,Maracatu Atômico [Trip Hop],1,0.99
1745,Pseudo Silk Kimono,1,0.99
1404,2 A.M.,1,0.99
830,Two Steps Behind [Acoustic Version],1,0.99
3151,Seu Balancê,1,0.99
1545,Enquanto O Dia Não Vem,1,0.99
1581,Dazed And Confused,1,0.99
1482,Can You See Me,1,0.99
2268,Seven Seas Of Rhye,1,0.99
988,Desaforo,1,0.99
1340,Still Life,1,0.99
964,From Out Of Nowhere,1,0.99
590,Seis Da Tarde,1,0.99
2000,Breed,1,0.99
1396,Lord Of The Flies,1,0.99
202,My Time After Awhile,1,0.99
2974,Yahweh,1,0.99
3252,"Through the Looking Glass, Pt. 1",1,1.99
678,Bad Moon Rising,1,0.99
812,You Can't Do it Right (With the One You Love),1,0.99
1390,Hallowed Be Thy Name,1,0.99
3083,You Really Got Me,1,0.99
1981,Smokin' in The Boys Room,1,0.99
1176,Yesterdays,1,0.99
2280,It's Late,1,0.99
1186,Don't Cry,1,0.99
28,Janie's Got A Gun,1,0.99
2316,Texarkana,1,0.99
3326,Todo o Carnaval tem seu Fim,1,0.99
3465,You Know I'm No Good (feat. Ghostface Killah),1,0.99
1147,It's So Easy,1,0.99
2208,Dissident,1,0.99
720,Coroné Antonio Bento,1,0.99
917,Walkin' Blues,1,0.99
2913,Deus Ex Machina,1,1.99
489,Into The Light,1,0.99
2588,Soul Singing,1,0.99
2358,The Power Of Equality,1,0.99
1555,Freewheel Burning,1,0.99
1605,Fool In The Rain,1,0.99
3286,Iron Man/Children of the Grave,1,0.99
2142,Murders In The Rue Morgue,1,0.99
1000,What If I Do?,1,0.99
2927,Even Better Than The Real Thing,1,0.99
3310,Commercial 2,1,0.99
2205,Animal,1,0.99
706,Before You Accuse Me,1,0.99
571,Love Of My Life,1,0.99
666,Coração do Agreste (Fafá de Belém),1,0.99
1423,Get Up (I Feel Like Being A) Sex Machine,1,0.99
956,Ugly In The Morning,1,0.99
216,Esse Cara,1,0.99
958,Take This Bottle,1,0.99
1655,Achilles Last Stand,1,0.99
213,Saudosismo,1,0.99
694,Someday Never Comes,1,0.99
1114,Parabolicamará,1,0.99
3450,"Peer Gynt Suite No.1, Op.46: 1. Morning Mood",1,0.99
3260,Gimme Some Truth,1,0.99
3493,"Metopes, Op. 29: Calypso",1,0.99
1013,Disenchanted Lullaby,1,0.99
594,Agora Que O Dia Acordou,1,0.99
460,Playtime,1,0.99
1839,Ain't My Bitch,1,0.99
1530,Sem Sentido,1,0.99
62,Real Thing,1,0.99
2213,Elderly Woman Behind The Counter In A Small Town,1,0.99
3454,"Symphony No. 41 in C Major, K. 551, ""Jupiter"": IV. Molto allegro",1,0.99
649,Samba Da Volta,1,0.99
2039,Jeito Faceiro,1,0.99
421,Radio GA GA,1,0.99
2539,Scratch-N-Sniff,1,0.99
835,Action,1,0.99
25,Rag Doll,1,0.99
2512,Outshined,1,0.99
2664,Time Is On My Side,1,0.99
3088,Feel Your Love Tonight,1,0.99
1026,My Hero,1,0.99
434,The Show Must Go On,1,0.99
1420,It's A Man's Man's Man's World,1,0.99
901,After Midnight,1,0.99
1191,Deep Waters,1,0.99
465,When Evening Falls,1,0.99
3276,Sympton of the Universe,1,0.99
2468,Um Dia Qualquer,1,0.99
3230,"Lost Planet of the Gods, Pt. 2",1,1.99
3309,Guess Who's Back,1,0.99
1587,We're Gonna Groove,1,0.99
1091,Refavela (Live),1,0.99
839,Rock Of Ages,1,0.99
1075,Esperando Na Janela,1,0.99
539,Rita Lee,1,0.99
1108,Realce,1,0.99
2922,"Live Together, Die Alone, Pt. 1",1,1.99
1899,The Frayed Ends Of Sanity,1,0.99
1691,Indios,1,0.99
2009,Territorial Pissings,1,0.99
1494,The Wind Cries Mary,1,0.99
2182,Ghost,1,0.99
1045,Fly Me To The Moon,1,0.99
3464,He Can Only Hold Her,1,0.99
1307,Wrathchild,1,0.99
271,Rios Pontes & Overdrives,1,0.99
3042,Here I Am (Come And Take Me),1,0.99
1558,Ram It Down,1,0.99
2740,Magic Bus,1,0.99
3020,New Year's Day,1,0.99
417,Tuesday's Gone,1,0.99
2541,Riviera Paradise,1,0.99
1175,14 Years,1,0.99
3031,Lemon,1,0.99
2686,Respectable,1,0.99
1830,The Four Horsemen,1,0.99
1018,Burn Away,1,0.99
1833,(Anesthesia) Pulling Teeth,1,0.99
1263,Chains Of Misery,1,0.99
189,Jerusalem,1,0.99
2025,Mãe Terra,1,0.99
1431,I'm Real,1,0.99
120,Carol,1,0.99
1289,2 Minutes To Midnight,1,0.99
2357,Rock Das Aranhas (Ao Vivo) (Live),1,0.99
695,Walking On The Water,1,0.99
794,A Touch Away,1,0.99
2332,The Finest Worksong,1,0.99
2785,Os Cegos Do Castelo,1,0.99
1749,Heart Of Lothian: Wide Boy / Curtain Call,1,0.99
1368,Hallowed Be Thy Name,1,0.99
508,Eu Apenas Queria Que Voçê Soubesse,1,0.99
2313,Endgame,1,0.99
3373,Four Walled World,1,0.99
1463,Journey To Arnhemland,1,0.99
1829,Hit The Lights,1,0.99
2400,I Like Dirt,1,0.99
2321,Talk About The Passion,1,0.99
2553,Where The River Goes,1,0.99
1030,Everlong,1,0.99
1614,Misty Mountain Hop,1,0.99
803,Love Conquers All,1,0.99
54,Bleed The Freak,1,0.99
2576,Sometimes Salvation,1,0.99
2827,Unfinished Business,1,1.99
3244,"Greetings from Earth, Pt. 1",1,1.99
1913,Blues For Pablo (Alternate Take),1,0.99
2514,Spoonman,1,0.99
2533,Crossfire,1,0.99
2630,Edie (Ciao Baby),1,0.99
285,Soldado Da Paz,1,0.99
2116,Blue Train,1,0.99
1880,Creeping Death,1,0.99
2441,Stars,1,0.99
1718,Honolulu,1,0.99
1190,Magnetic Ocean,1,0.99
2609,War (The Process),1,0.99
2296,How The West Was Won And Where It Got Us,1,0.99
906,Let It Grow,1,0.99
909,Signe,1,0.99
745,Comin' Home,1,0.99
152,N.I.B.,1,0.99
428,Headlong,1,0.99
1685,O Livro Dos Dias,1,0.99
1049,Come Fly With Me,1,0.99
3285,"Sabbath, Bloody Sabbath",1,0.99
1008,Razor,1,0.99
3040,I Would Do For You,1,0.99
1098,Copacabana (Live),1,0.99
2719,Paint It Black,1,0.99
2333,It's The End Of The World As We Know It (And I Feel Fine),1,0.99
1325,Tailgunner,1,0.99
186,Killing Floor,1,0.99
2035,Todo Amor (Asas Da Liberdade),1,0.99
501,Grito De Alerta,1,0.99
2159,Off He Goes,1,0.99
750,Drifter,1,0.99
1679,Dezesseis,1,0.99
977,Xote Dos Milagres,1,0.99
1900,To Live Is To Die,1,0.99
3355,Love Comes,1,0.99
2127,Your Blue Room,1,0.99
143,The Begining... At Last,1,0.99
1959,Aos Leões,1,0.99
1762,Panis Et Circenses,1,0.99
228,Vai Passar,1,0.99
2803,Sonifera Ilha,1,0.99
1845,Bleeding Me,1,0.99
294,Pensamento,1,0.99
1629,The Lemon Song,1,0.99
926,Naked In Front Of The Computer,1,0.99
607,So What,1,0.99
258,Um Satélite Na Cabeça,1,0.99
2178,Can't Keep,1,0.99
483,Redundant,1,0.99
1816,Crash Course In Brain Surgery,1,0.99
2459,Ali,1,0.99
1877,Fade To Black,1,0.99
2274,"All Dead, All Dead",1,0.99
1815,The Wait,1,0.99
1259,Fear Is The Key,1,0.99
379,Água de Beber,1,0.99
1062,Zambação,1,0.99
942,Kindergarten,1,0.99
108,Dandelion,1,0.99
1862,The Memory Remains,1,0.99
1535,No Futuro,1,0.99
1285,Purgatory,1,0.99
3438,Fantasia On Greensleeves,1,0.99
3196,Michael's Birthday,1,1.99
2704,Mean Disposition,1,0.99
2232,The Great Gig In The Sky,1,0.99
3212,Producer's Cut: The Return,1,1.99
2302,Departure,1,0.99
1447,Soul Education,1,0.99
1866,Slither,1,0.99
3467,Intro / Stronger Than Me,1,0.99
153,Evil Woman,1,0.99
214,Carolina,1,0.99
3041,Homely Girl,1,0.99
2839,Genesis,1,1.99
1753,Childhoods End?,1,0.99
3383,Scar On the Sky,1,0.99
2218,Jah Seh No,1,0.99
2715,The River (Remix),1,0.99
1170,Don't Damn Me,1,0.99
3392,Until We Fall,1,0.99
1203,Brighter Than a Thousand Suns,1,0.99
2567,Duende,1,0.99
840,Hysteria,1,0.99
2109,Paranoid,1,0.99
1378,Only the Good Die Young,1,0.99
3,Fast As a Shark,1,0.99
2273,Sheer Heart Attack,1,0.99
921,Old Love,1,0.99
1227,Wasting Love,1,0.99
2745,Let's See Action,1,0.99
1923,Brasil,1,0.99
3492,Sing Joyfully,1,0.99
2446,So Beautiful,1,0.99
3469,F**k Me Pumps,1,0.99
1295,The Number Of The Beast,1,0.99
3178,The Dundies,1,1.99
2904,Outlaws,1,1.99
1217,Where Eagles Dare,1,0.99
2780,Formigueiro,1,0.99
3007,I Still Haven't Found What I'm Looking For,1,0.99
1249,Dance Of Death,1,0.99
2741,Pinball Wizard,1,0.99
418,The More I See,1,0.99
1870,Prince Charming,1,0.99
3233,"The Gun On Ice Planet Zero, Pt. 1",1,1.99
3168,The Hard Part,1,1.99
3105,Do It For The Kids,1,0.99
2967,Love And Peace Or Else,1,0.99
39,You Oughta Know,1,0.99
3132,Still Of The Night,1,0.99
1477,Lazy Gun,1,0.99
1209,Lord of Light,1,0.99
2306,Zither,1,0.99
2977,Mofo,1,0.99
2919,Born to Run,1,1.99
1837,Seek & Destroy,1,0.99
683,Fortunate Son,1,0.99
317,Amor Demais,1,0.99
608,The Pan Piper,1,0.99
2380,The Zephyr Song,1,0.99
2681,Corinna,1,0.99
702,Cotton Fields,1,0.99
2281,My Melancholy Blues,1,0.99
126,Moon germs,1,0.99
194,First Time I Met The Blues,1,0.99
1620,You Shook Me,1,0.99
463,Believe,1,0.99
476,Geek Stink Breath,1,0.99
883,"Alô, Alô, Marciano",1,0.99
2093,Bark at the Moon,1,0.99
1887,My World,1,0.99
1146,Welcome to the Jungle,1,0.99
1544,Cafezinho,1,0.99
3428,Branch Closing,1,1.99
2975,Discotheque,1,0.99
756,Child In Time,1,0.99
933,Home Sick Home,1,0.99
647,Pot-Pourri N.º 4,1,0.99
593,Do You Have Other Loves?,1,0.99
293,Onde Você Mora?,1,0.99
2087,Me Liga,1,0.99
1120,Sítio Do Pica-Pau Amarelo,1,0.99
3419,"Requiem, Op.48: 4. Pie Jesu",1,0.99
2659,Every Breath You Take,1,0.99
495,Cry For Love,1,0.99
3249,The Hand of God,1,1.99
657,Deixa,1,0.99
1645,Hats Off To (Roy) Harper,1,0.99
474,She,1,0.99
2485,Winterlong,1,0.99
2969,All Because Of You,1,0.99
1666,Dazed And Confused,1,0.99
2557,Cigaro,1,0.99
1910,Lament,1,0.99
1179,Shotgun Blues,1,0.99
1847,Poor Twisted Me,1,0.99
1700,Dezesseis,1,0.99
2049,Vai Valer,1,0.99
2582,Black Moon Creeping,1,0.99
116,C'Mon Everybody,1,0.99
1791,Down Under,1,0.99
1810,The God That Failed,1,0.99
2318,Carnival Of Sorts,1,0.99
970,Underwater Love,1,0.99
2936,Acrobat,1,0.99
2722,Psychopomp,1,0.99
1977,Home Sweet Home,1,0.99
732,Smells Like Teen Spirit (Ao Vivo),1,0.99
2979,Staring At The Sun,1,0.99
1856,Welcome Home (Sanitarium),1,0.99
1627,Whole Lotta Love,1,0.99
2556,Revenga,1,0.99
734,Todo Amor Que Houver Nesta Vida,1,0.99
1767,A Menina Dança,1,0.99
1272,05 - Phantom of the Opera,1,0.99
3245,"Greetings from Earth, Pt. 2",1,1.99
180,Body Count Anthem,1,0.99
967,Surprise! You're Dead!,1,0.99
3160,Sapopemba e Maxambomba,1,0.99
263,Criança De Domingo,1,0.99
1571,I Still Love You,1,0.99
470,Longview,1,0.99
1565,Do You Love Me,1,0.99
2632,Love,1,0.99
1668,Stairway To Heaven,1,0.99
2878,The Other 48 Days,1,1.99
478,Jaded,1,0.99
1057,Entrando Na Sua (Intro),1,0.99
2768,Você,1,0.99
717,Eu Sou Neguinha (Ao Vivo),1,0.99
2506,Nothing To Say,1,0.99
2310,Losing My Religion,1,0.99
525,O Leaozinho,1,0.99
634,Bop Boogie,1,0.99
2580,Girl From A Pawnshop,1,0.99
1771,Segue O Seco,1,0.99
210,"Texto ""Verdade Tropical""",1,0.99
710,It's Just A Thought,1,0.99
2374,They're Red Hot,1,0.99
3458,Just Friends,1,0.99
2509,Hands All Over,1,0.99
2530,Little Linda,1,0.99
2284,Radio Song,1,0.99
2766,O Que Me Importa,1,0.99
1661,Tea For One,1,0.99
954,Cuckoo For Caca,1,0.99
3128,Samba Do Jato,1,0.99
2440,If You Don't Know Me By Now,1,0.99
2267,Flash,1,0.99
3109,Fall To Pieces,1,0.99
2181,Cropduster,1,0.99
2145,Sanctuary,1,0.99
1281,Genghis Khan,1,0.99
2398,Porcelain,1,0.99
531,Top Top,1,0.99
2731,I Can't Explain,1,0.99
2837,"Crossroads, Pt. 1",1,1.99
3028,Zooropa,1,0.99
686,Up Around The Bend,1,0.99
1622,Your Time Is Gonna Come,1,0.99
303,Falar A Verdade,1,0.99
2583,High Head Blues,1,0.99
2395,Get On Top,1,0.99
1406,Futureal,1,0.99
1741,Assaltaram A Gramática,1,0.99
1849,Mama Said,1,0.99
233,O Que Será (À Flor Da Terra),1,0.99
3110,Headspace,1,0.99
1149,Out Ta Get Me,1,0.99
1370,Run To The Hills,1,0.99
3235,The Magnificent Warriors,1,1.99
2290,The Wrong Child,1,0.99
1115,Tempo Rei,1,0.99
93,Exploder,1,0.99
89,Like a Stone,1,0.99
1383,Stranger in a Strange Land,1,0.99
1345,2 Minutes To Midnight,1,0.99
2678,Gimmie Shelters,1,0.99
2668,As Tears Go By,1,0.99
884,Me Deixas Louca,1,0.99
1513,Charles Anjo 45,1,0.99
1871,Low Man's Lyric,1,0.99
2950,Spanish Eyes,1,0.99
953,Star A.D.,1,0.99
195,Let Me Love You Baby,1,0.99
1286,Drifter,1,0.99
3163,Samba pras moças,1,0.99
1153,Think About You,1,0.99
1137,Are We The Waiting,1,0.99
2507,Flower,1,0.99
441,Deuce,1,0.99
2673,Under My Thumb,1,0.99
1744,O Último Romântico (Ao Vivo),1,0.99
3224,Through a Looking Glass,1,1.99
2994,Silver And Gold,1,0.99
2036,Denúncia,1,0.99
2789,Flores,1,0.99
2195,Alive,1,0.99
2320,Perfect Circle,1,0.99
2490,Drown,1,0.99
892,Badge,1,0.99
2660,King Of Pain,1,0.99
1949,Jailbait,1,0.99
503,Começaria Tudo Outra Vez,1,0.99
2677,You Got Me Rocking,1,0.99
1356,Wrathchild,1,0.99
2923,Exodus (Part 2) [Season Finale],1,1.99
2323,Don't Go Back To Rockville,1,0.99
865,Nem Um Dia,1,0.99
2257,Fat Bottomed Girls,1,0.99
2209,W.M.A.,1,0.99
1893,Blackened,1,0.99
2177,Inside Job,1,0.99
3234,"The Gun On Ice Planet Zero, Pt. 2",1,1.99
3356,Muita Bobeira,1,0.99
795,Hey Cisco,1,0.99
934,Pristina,1,0.99
2377,This Is The Place,1,0.99
370,Ipiranga 2001,1,0.99
3026,Surrender,1,0.99
2957,Walk To The Water,1,0.99
1156,Anything Goes,1,0.99
2972,One Step Closer,1,0.99
1395,Sign Of The Cross,1,0.99
3480,Sonata for Solo Violin: IV: Presto,1,0.99
1472,Radio Song,1,0.99
2565,The Sun Road,1,0.99
2525,Rasul,1,0.99
2356,Século XXI,1,0.99
3053,Hang 'Em High,1,0.99
2767,Gostava Tanto De Você,1,0.99
389,Maria Fumaça,1,0.99
2422,La Puesta Del Sol,1,0.99
60,Confusion,1,0.99
2873,House of the Rising Sun,1,1.99
3092,Neworld,1,0.99
2382,I Could Die For You,1,0.99
518,Podres Poderes,1,0.99
1299,Running Free,1,0.99
2571,Chaos-Control,1,0.99
98,The Last Remaining Light,1,0.99
2883,Solitary,1,1.99
2833,A Day In the Life,1,1.99
2542,Dead And Bloated,1,0.99
715,Gatas Extraordinárias,1,0.99
2650,Roxanne,1,0.99
235,Apesar De Você,1,0.99
763,Strange Kind Of Woman,1,0.99
2612,Take The Power,1,0.99
1809,Of Wolf And Man,1,0.99
1066,Dujji,1,0.99
3434,"Concerto for Piano No. 2 in F Minor, Op. 21: II. Larghetto",1,0.99
358,Man With The Woman Head,1,0.99
2336,Papeau Nuky Doe,1,0.99
412,Die Die My Darling,1,0.99
26,What It Takes,1,0.99
72,Angela,1,0.99
1527,Dance Enquanto é Tempo,1,0.99
232,Tatuagem,1,0.99
1916,Coração De Estudante,1,0.99
37,Livin' On The Edge,1,0.99
310,Sábado A Noite,1,0.99
1624,Communication Breakdown,1,0.99
584,Manuel,1,0.99
2454,Muçulmano,1,0.99
3254,#9 Dream,1,0.99
353,Sam With The Showing Scalp Flat Top,1,0.99
834,When Love & Hate Collide,1,0.99
831,Animal,1,0.99
813,High Ball Shooter,1,0.99
1164,Bad Obsession,1,0.99
1298,Run To The Hills,1,0.99
2293,Hairshirt,1,0.99
225,Sozinho (Caêdrum 'n' Bass),1,0.99
1446,Black Capricorn Day,1,0.99
1375,Seventh Son of a Seventh Son,1,0.99
891,Layla,1,0.99
134,All For You,1,0.99
1430,Living In America,1,0.99
2508,Loud Love,1,0.99
3002,Bullet The Blue Sky,1,0.99
2467,Os Exilados,1,0.99
2619,True Believers,1,0.99
1790,Heavy Love Affair,1,0.99
1577,Immigrant Song,1,0.99
36,Angel,1,0.99
2558,Radio/Video,1,0.99
102,Doesn't Remind Me,1,0.99
2064,Caleidoscópio,1,0.99
2283,Me In Honey,1,0.99
3037,The Wanderer,1,0.99
915,Layla,1,0.99
1677,Aloha,1,0.99
2103,Flying High Again,1,0.99
1884,Some Kind Of Monster,1,0.99
3258,Whatever Gets You Thru the Night,1,0.99
1758,Cérebro Eletrônico,1,0.99
2775,Canário Do Reino,1,0.99
3262,Imagine,1,0.99
157,Tomorrow's Dream,1,0.99
1559,Diamonds And Rust (Live),1,0.99
2042,Protesto Do Olodum (Ao Vivo),1,0.99
1909,The Meaning Of The Blues,1,0.99
2046,Manguetown,1,0.99
1080,Assum Preto,1,0.99
2364,Mellowship Slinky In B Major,1,0.99
3400,Moth,1,0.99
2309,Electrolite,1,0.99
191,Machine Men,1,0.99
1972,Kickstart My Heart,1,0.99
1539,Equinocio,1,0.99
218,Linha Do Equador,1,0.99
1500,Satch Boogie,1,0.99
1736,Tudo Bem,1,0.99
2931,So Cruel,1,0.99
580,El Farol,1,0.99
1625,I Can't Quit You Baby,1,0.99
2949,The Three Sunrises,1,0.99
2623,Lil' Evil,1,0.99
912,Tears In Heaven,1,0.99
2771,A Festa Do Santo Reis,1,0.99
1964,Já Foi,1,0.99
938,RV,1,0.99
1158,Right Next Door to Hell,1,0.99
753,You Keep On Moving,1,0.99
3486,"Act IV, Symphony",1,0.99
2564,Lost in Hollywood,1,0.99
190,Trupets Of Jericho,1,0.99
2414,Closer To The Heart,1,0.99
554,Trampled Under Foot,1,0.99
3478,Slowness,1,0.99
2846,Seven Minutes to Midnight,1,1.99
2595,(White Man) In Hammersmith Palais,1,0.99
424,Innuendo,1,0.99
2809,Amanhã Não Se Sabe,1,0.99
2094,I Don't Know,1,0.99
2758,Não Vou Ficar,1,0.99
670,Romaria (Renato Teixeira),1,0.99
1854,Master Of Puppets,1,0.99
1366,Iron Maiden,1,0.99
2423,Persuasion,1,0.99
1067,Meu Guarda-Chuva,1,0.99
2463,Zé Trindade,1,0.99
2392,Parallel Universe,1,0.99
1408,Lightning Strikes Twice,1,0.99
2783,Prá Dizer Adeus,1,0.99
888,Madalena,1,0.99
1235,The Wicker Man,1,0.99
502,Não Dá Mais Pra Segurar (Explode Coração),1,0.99
3466,Rehab (Hot Chip Remix),1,0.99
1872,Attitude,1,0.99
3382,Billie Jean,1,0.99
117,Rock 'N' Roll Music,1,0.99
257,Manguetown,1,0.99
1122,Faceless,1,0.99
1485,May This Be Love,1,0.99
1258,Afraid To Shoot Strangers,1,0.99
1166,Double Talkin' Jive,1,0.99
1637,Friends,1,0.99
914,Nobody Knows You When You're Down & Out,1,0.99
3218,Safety Training,1,1.99
1150,Mr. Brownstone,1,0.99
2993,Freedom For My People,1,0.99
2992,I Still Haven't Found What I'm Looking for,1,0.99
1119,Toda Menina Baiana,1,0.99
506,"Diga Lá, Coração",1,0.99
331,Lavadeira,1,0.99
3206,Branch Closing,1,1.99
3204,The Initiation,1,1.99
1578,Heartbreaker,1,0.99
599,Compulsion,1,0.99
2655,"De Do Do Do, De Da Da Da",1,0.99
1468,Rollover D.J.,1,0.99
2071,Uma Brasileira,1,0.99
1464,Morning Glory,1,0.99
1486,Fire,1,0.99
2735,I'm A Boy,1,0.99
2821,"Exodus, Pt. 1",1,1.99
2814,Insensível,1,0.99
2765,Réu Confesso,1,0.99
2910,Dave,1,1.99
2568,Black Light Syndrome,1,0.99
1617,When The Levee Breaks,1,0.99
1196,Millenium,1,0.99
446,I Was Made For Loving You,1,0.99
749,I Need Love,1,0.99
2307,"So Fast, So Numb",1,0.99
1843,King Nothing,1,0.99
1058,Nervosa,1,0.99
219,Odara,1,0.99
231,Atras Da Porta,1,0.99
1213,The Trooper,1,0.99
1803,Holier Than Thou,1,0.99
1053,"Bad, Bad Leroy Brown",1,0.99
3164,Verdade,1,0.99
1452,Were Do We Go From Here,1,0.99
735,Metrô. Linha 743,1,0.99
2774,Nosso Adeus,1,0.99
2672,Paint It Black,1,0.99
166,Smoked Pork,1,0.99
1813,Helpless,1,0.99
1846,Cure,1,0.99
1648,Down By The Seaside,1,0.99
2045,O Trem Da Juventude,1,0.99
2529,It Doesn't Matter,1,0.99
3005,New Year's Day,1,0.99
3338,The Beginning of the End,1,1.99
1381,Sea of Madness,1,0.99
2044,Vulcão Dub - Fui Eu,1,0.99
193,Realword,1,0.99
1435,Too Young To Die,1,0.99
709,(Wish I Could) Hideaway,1,0.99
886,Saudosa Maloca,1,0.99
727,Não Sei O Que Eu Quero Da Vida,1,0.99
1405,The Unbeliever,1,0.99
2856,Parasite,1,1.99
2101,Believer,1,0.99
1231,Bring Your Daughter... To The Slaughter,1,0.99
1276,09 - Iron Maiden,1,0.99
1117,Aquele Abraço,1,0.99
557,Beija-Flor,1,0.99
485,Minority,1,0.99
2552,Crackerman,1,0.99
1388,Children of the Damned,1,0.99
1081,Pau-De-Arara,1,0.99
2976,Do You Feel Loved,1,0.99
1453,King For A Day,1,0.99
2687,Thief In The Night,1,0.99
1198,Jacob's Ladder,1,0.99
3264,Jealous Guy,1,0.99
3124,So Por Amor,1,0.99
2747,Join Together,1,0.99
2241,Bossa,1,0.99
170,A Statistic,1,0.99
3227,"Battlestar Galactica, Pt. 2",1,1.99
712,Born To Move,1,0.99
192,The Alchemist,1,0.99
1174,Civil War,1,0.99
1696,Meninos E Meninas,1,0.99
1740,Sereia,1,0.99
513,Ponto De Interrogação,1,0.99
1575,Nothin' To Lose,1,0.99
415,Astronomy,1,0.99
2131,Miss Sarajevo,1,0.99
3142,The Deeper The Love,1,0.99
1365,Fear Of The Dark,1,0.99
1376,The Prophecy,1,0.99
689,Long As I Can See The Light,1,0.99
3303,Top O' The Morning To Ya,1,0.99
674,Preciso Apender a Viver Só (Maysa),1,0.99
630,Boogie Blues,1,0.99
575,Do You Like The Way,1,0.99
1704,Rock And Roll Is Dead,1,0.99
1723,Condição,1,0.99
401,Momentos Que Marcam,1,0.99
3479,"Prometheus Overture, Op. 43",1,0.99
2043,Olodum - Smile (Instrumental),1,0.99
2191,Arc,1,0.99
2061,Vamo Batê Lata,1,0.99
2613,Breathe,1,0.99
739,Eleanor Rigby,1,0.99
1094,Estrela (Live),1,0.99
3118,A Bencao E Outros,1,0.99
1562,Comin' Home,1,0.99
1130,I Am,1,0.99
85,Cochise,1,0.99
281,Computadores Fazem Arte,1,0.99
687,Run Through The Jungle,1,0.99
3209,"A Benihana Christmas, Pts. 1 & 2",1,1.99
2245,O Bicho Tá Pregando,1,0.99
2788,Nem 5 Minutos Guardados,1,0.99
2663,Message in a Bottle (new classic rock mix),1,0.99
2798,Homem Primata,1,0.99
2294,I Remember California,1,0.99
21,Hell Ain't A Bad Place To Be,1,0.99
2324,Pretty Persuasion,1,0.99
1814,The Small Hours,1,0.99
2119,Heart In Your Hand,1,0.99
1027,See You,1,0.99
1832,Jump In The Fire,1,0.99
1346,Losfer Words,1,0.99
3021,Like A Song...,1,0.99
3257,Cold Turkey,1,0.99
2717,Waiting On A Sign,1,0.99
2838,"Crossroads, Pt. 2",1,1.99
205,Jorge Da Capadócia,1,0.99
2029,Elza,1,0.99
3155,Sem Essa de Malandro Agulha,1,0.99
67,Ligia,1,0.99
325,TriboTchan,1,0.99
895,Crossroads,1,0.99
673,Garota de Ipanema (Dick Farney),1,0.99
2084,O Beco,1,0.99
2066,Tendo A Lua,1,0.99
1638,Celebration Day,1,0.99
2086,Perplexo,1,0.99
1794,Everything I Need,1,0.99
2874,I Do,1,1.99
334,Reggae Tchan,1,0.99
2651,Can't Stand Losing You,1,0.99
1071,Divirta-Se (Saindo Da Sua),1,0.99
2330,Cuyahoga,1,0.99
540,"Posso Perder Minha Mulher, Minha Mãe, Desde Que Eu Tenha O Rock And Roll",1,0.99
2445,For Your Babies,1,0.99
2566,Dark Corners,1,0.99
464,As We Sleep,1,0.99
3496,"Étude 1, In C Major - Preludio (Presto) - Liszt",1,0.99
2516,Black Hole Sun,1,0.99
2261,Save Me,1,0.99
1777,When I Had Your Love,1,0.99
1842,Until It Sleeps,1,0.99
1254,Age Of Innocence,1,0.99
2794,32 Dentes,1,0.99
1133,American Idiot,1,0.99
2137,Theme From The Swan,1,0.99
1271,04 - Running Free,1,0.99
3096,Dirty Water Dog,1,0.99
2449,Água E Fogo,1,0.99
2118,Most High,1,0.99
206,Prenda Minha,1,0.99
2350,Sapato 36,1,0.99
53,Sea Of Sorrow,1,0.99
275,Da Lama Ao Caos,1,0.99
260,Sangue De Bairro,1,0.99
2820,Occupation / Precipice,1,1.99
2869,...And Found,1,1.99
139,A.N.D.R.O.T.A.Z.,1,0.99
1459,Manifest Destiny,1,0.99
2515,The Day I Tried To Live,1,0.99
3369,Call Me a Dog,1,0.99
425,It's A Hard Life,1,0.99
1868,Bad Seed,1,0.99
2335,A Sua,1,0.99
825,One Man's Meat,1,0.99
1040,Summer Love,1,0.99
1597,Over The Hills And Far Away,1,0.99
3459,Back to Black,1,0.99
2072,Luis Inacio (300 Picaretas),1,0.99
1350,Powerslave,1,0.99
654,Minha Namorada,1,0.99
3015,When Love Comes To Town,1,0.99
1643,That's The Way,1,0.99
549,You Fool No One,1,0.99
2436,The Right Thing,1,0.99
380,Samba da Bençaco,1,0.99
653,Como É Duro Trabalhar,1,0.99
2744,Won't Get Fooled Again (Full Length Version),1,0.99
2964,Vertigo,1,0.99
1339,The Trooper,1,0.99
130,Do what cha wanna,1,0.99
612,Nefertiti,1,0.99
2341,Bê-a-Bá,1,0.99
1521,As Dores do Mundo,1,0.99
3141,You're Gonna Break My Hart Again,1,0.99
1277,The Ides Of March,1,0.99
2550,Plush,1,0.99
1855,The Thing That Should Not Be,1,0.99
887,As Aparências Enganam,1,0.99
1772,O Xote Das Meninas,1,0.99
2548,Creep,1,0.99
959,King For A Day,1,0.99
1797,It's a Mistake,1,0.99
1123,Changes,1,0.99
1517,Santa Clara Clareou,1,0.99
1598,The Crunge,1,0.99
2363,I Could Have Lied,1,0.99
437,Black Diamond,1,0.99
2271,We Will Rock You,1,0.99
999,Still,1,0.99
2624,Spirit Walker,1,0.99
1536,Voce Inteira,1,0.99
103,Drown Me Slowly,1,0.99
2810,Caras Como Eu,1,0.99
875,Acelerou,1,0.99
2738,Pictures Of Lily,1,0.99
1236,Ghost Of The Navigator,1,0.99
420,Under Pressure,1,0.99
1722,Casa,1,0.99
1985,Shout At The Devil,1,0.99
196,Stone Crazy,1,0.99
3003,All I Want Is You,1,0.99
2100,Crazy Train,1,0.99
61,I Know Somethin (Bout You),1,0.99
2851,Distractions,1,1.99
2240,Hip Hop Rio,1,0.99
3127,Um Homem Chamado Alfredo,1,0.99
602,'Round Midnight,1,0.99
3272,Gimme Some Truth,1,0.99
697,Born On The Bayou,1,0.99
3123,Samba Pra Endrigo,1,0.99
2112,Dee,1,0.99
2325,Green Grow The Rushes,1,0.99
3114,Slither,1,0.99
1591,Ozone Baby,1,0.99
397,Linha Do Horizonte,1,0.99
2381,Can't Stop,1,0.99
427,Who Wants To Live Forever,1,0.99
179,Evil Dick,1,0.99
562,Mangueira,1,0.99
2279,Who Needs You,1,0.99
2079,Cinema Mudo,1,0.99
1652,Boogie With Stu,1,0.99
3320,Chapa o Coco,1,0.99
1518,Filho Maravilha,1,0.99
3241,"War of the Gods, Pt. 2",1,1.99
1819,Blitzkrieg,1,0.99
2973,Original Of The Species,1,0.99
3456,You Know I'm No Good,1,0.99
445,She,1,0.99
2573,Sting Me,1,0.99
889,Maria Rosa,1,0.99
1611,Rock & Roll,1,0.99
2487,Blissed & Gone,1,0.99
2503,Stand Inside Your Love,1,0.99
253,Maracatu Atômico,1,0.99
2004,In Bloom,1,0.99
692,Hey Tonight,1,0.99
14,Spellbound,1,0.99
1369,Sanctuary,1,0.99
581,Primavera,1,0.99
3208,The Convict,1,1.99
3076,Right Now,1,0.99
3119,Tudo Na Mais Santa Paz,1,0.99
1134,Jesus Of Suburbia / City Of The Damned / I Don't Care / Dearly Beloved / Tales Of Another Broken Home,1,0.99
2019,Poeira,1,0.99
3232,The Long Patrol,1,1.99
1818,Am I Evil?,1,0.99
603,Bye Bye Blackbird,1,0.99
2483,Rock On,1,0.99
3418,Die Walküre: The Ride of the Valkyries,1,0.99
3261,"Oh, My Love",1,0.99
3484,Adios nonino,1,0.99
757,Flight Of The Rat,1,0.99
1600,D'Yer Mak'er,1,0.99
771,Nobody's Home,1,0.99
2081,Lanterna Dos Afogados,1,0.99
2088,Quase Um Segundo,1,0.99
1875,Ride The Lightning,1,0.99
1402,Blood On The World's Hands,1,0.99
1582,Stairway To Heaven,1,0.99
1763,De Noite Na Cama,1,0.99
1347,Flash of The Blade,1,0.99
1417,Out Of Sight,1,0.99
1,For Those About To Rock (We Salute You),1,0.99
76,"Canta, Canta Mais",1,0.99
3485,"Symphony No. 3 Op. 36 for Orchestra and Soprano ""Symfonia Piesni Zalosnych"" \ Lento E Largo - Tranquillissimo",1,0.99
2739,I Can See For Miles,1,0.99
1392,Run to the Hills,1,0.99
2373,Sir Psycho Sexy,1,0.99
3205,Diwali,1,1.99
3052,Where Have All The Good Times Gone?,1,0.99
71,Falando De Amor,1,0.99
2859,"Man of Science, Man of Faith (Premiere)",1,1.99
2941,Walk On,1,0.99
80,The Unforgiven,1,0.99
1817,Last Caress/Green Hell,1,0.99
861,Lilás,1,0.99
738,Admirável Gado Novo,1,0.99
2500,Ava Adore,1,0.99
1095,Pela Internet (Live),1,0.99
2860,Adrift,1,1.99
1958,O Que Vai Em Meu Coração,1,0.99
2812,Era Uma Vez,1,0.99
1973,Wild Side,1,0.99
2013,On A Plain,1,0.99
3060,Little Guitars,1,0.99
3423,"Jupiter, the Bringer of Jollity",1,0.99
751,Love Child,1,0.99
237,Minha Historia,1,0.99
3070,Jump,1,0.99
262,Interlude Zumbi,1,0.99
3433,"Concerto No.2 in F Major, BWV1047, I. Allegro",1,0.99
2141,Prowler,1,0.99
1892,All Within My Hands,1,0.99
3360,Something Nice Back Home,1,1.99
399,Abrir A Porta,1,0.99
1504,Midnight,1,0.99
238,Com Açúcar E Com Afeto,1,0.99
1699,Giz,1,0.99
2258,Bicycle Race,1,0.99
798,King Of Dreams,1,0.99
2596,Tommy Gun,1,0.99
2472,Lucky 13,1,0.99
1623,Black Mountain Side,1,0.99
2696,Out Of Tears,1,0.99
990,No Way Back,1,0.99
685,Who'll Stop The Rain,1,0.99
905,Wonderful Tonight,1,0.99
3365,Say Hello 2 Heaven,1,0.99
2895,Par Avion,1,1.99
1379,Caught Somewhere in Time,1,0.99
1895,Eye Of The Beholder,1,0.99
3324,Um Lugar ao Sol,1,0.99
3044,Wear You To The Ball,1,0.99
3115,Dirty Little Thing,1,0.99
2409,Freewill,1,0.99
1116,Expresso 2222,1,0.99
1290,The Trooper,1,0.99
2790,Palavras,1,0.99
3401,Show Me How to Live (Live at the Quart Festival),1,0.99
2862,The Glass Ballerina,1,1.99
1280,Another Life,1,0.99
2909,Catch-22,1,1.99
616,Black Satin,1,0.99
1245,Wildest Dreams,1,0.99
2282,Shiny Happy People,1,0.99
1393,The Number Of The Beast,1,0.99
2437,It's Only Love,1,0.99
395,Eu Vim Da Bahia - Live,1,0.99
542,Meu Refrigerador Não Funciona,1,0.99
1294,Powerslave,1,0.99
882,Romaria,1,0.99
274,Samba Makossa,1,0.99
3201,The Convention,1,1.99
1304,Phantom Of The Opera,1,0.99
163,Laguna Sunrise,1,0.99
669,Caçador de Mim (Sá & Guarabyra),1,0.99
223,Sozinho (Hitmakers Classic Mix),1,0.99
352,Carolina Hard-Core Ecstasy,1,0.99
3006,With Or Without You,1,0.99
1512,Os Alquimistas Estão Chegando,1,0.99
362,Gavioes 2001,1,0.99
221,Atrás Da Verd-E-Rosa Só Não Vai Quem Já Morreu,1,0.99
2251,Hemp Family,1,0.99
2589,Hard To Handle,1,0.99
2070,Busca Vida,1,0.99
2048,Bora-Bora,1,0.99
2882,Lost Survival Guide,1,1.99
111,Money,1,0.99
1093,Quanta (Live),1,0.99
1076,Juazeiro,1,0.99
1709,American Woman,1,0.99
16,Dog Eat Dog,1,0.99
2052,Sincero Breu,1,0.99
326,"Tapa Aqui, Descobre Ali",1,0.99
371,Morro Da Casa Verde 2001,1,0.99
655,Por Que Será,1,0.99
1327,No Prayer For The Dying,1,0.99
2637,Sweet Soul Sister,1,0.99
183,King In Crimson,1,0.99
2997,Love Rescue Me,1,0.99
2787,Marvin,1,0.99
656,Berimbau,1,0.99
3225,Your Time Is Gonna Come,1,0.99
3314,One For The Road,1,0.99
2304,Be Mine,1,0.99
1731,A Cura,1,0.99
1355,Brave New World,1,0.99
3022,Drowning Man,1,0.99
995,Free Me,1,0.99
2359,If You Have To Ask,1,0.99
3489,Symphony No. 2: III. Allegro vivace,1,0.99
928,Mouth To Mouth,1,0.99
536,Vida De Cachorro,1,0.99
55,I Can't Remember,1,0.99
148,The Beginning...At Last,1,0.99
790,Cascades : I'm Not Your Lover,1,0.99
1499,"Always With Me, Always With You",1,0.99
652,Formosa,1,0.99
1898,Harvester Of Sorrow,1,0.99
758,Into The Fire,1,0.99
2614,Nico,1,0.99
2196,Why Go,1,0.99
1750,Waterhole (Expresso Bongo),1,0.99
1136,Boulevard Of Broken Dreams,1,0.99
576,Maria Maria,1,0.99
1003,Friend Of A Friend,1,0.99
292,Já Foi,1,0.99
2784,Família,1,0.99
663,Chão de Giz (Elba Ramalho),1,0.99
929,Ashes To Ashes,1,0.99
1811,My Friend Of Misery,1,0.99
2125,United Colours,1,0.99
2204,Go,1,0.99
1373,Can I Play With Madness,1,0.99
2642,Twentienth Century Fox,1,0.99
1268,01 - Prowler,1,0.99
940,Everything's Ruined,1,0.99
173,KKK Bitch,1,0.99
2855,Company Man,1,1.99
1963,É Fogo,1,0.99
2276,Fight From The Inside,1,0.99
42,Right Through You,1,0.99
876,Um Amor Puro,1,0.99
3202,The Coup,1,1.99
2983,The Playboy Mansion,1,0.99
658,Pot-Pourri N.º 2,1,0.99
2990,Hawkmoon 269,1,0.99
1422,"Say It Loud, I'm Black And I'm Proud Pt.1",1,0.99
440,Love Gun,1,0.99
3150,Coração Em Desalinho,1,0.99
1004,Over And Out,1,0.99
57,It Ain't Like That,1,0.99
3071,Panama,1,0.99
19,Problem Child,1,0.99
1313,Afraid To Shoot Strangers,1,0.99
2721,Army Ants,1,0.99
644,Showcase,1,0.99
1857,Disposable Heroes,1,0.99
1262,The Fugitive,1,0.99
357,Advance Romance,1,0.99
1143,Wake Me Up When September Ends,1,0.99
2543,Sex Type Thing,1,0.99
307,Doutor,1,0.99
366,Camisa Verde 2001,1,0.99
1606,Hot Dog,1,0.99
3476,Help Yourself,1,0.99
1312,The Evil That Men Do,1,0.99
10,Evil Walks,1,0.99
2168,Severed Hand,1,0.99
1602,The Ocean,1,0.99
2773,Padre Cícero,1,0.99
1662,Rock & Roll,1,0.99
822,A Twist In The Tail,1,0.99
3494,"Symphony No. 2, Op. 16 -  ""The Four Temperaments"": II. Allegro Comodo e Flemmatico",1,0.99
3078,Humans Being,1,0.99
1118,Palco,1,0.99
2796,Não Vou Lutar,1,0.99
1990,Smells Like Teen Spirit,1,0.99
2891,Enter 77,1,1.99
3301,Salutations,1,0.99
13,Night Of The Long Knives,1,0.99
1776,You've Been A Long Time Coming,1,0.99
699,Tombstone Shadow,1,0.99
1936,Idolatrada,1,0.99
75,O Boto (Bôto),1,0.99
2770,Eu Amo Você,1,0.99
246,Mateus Enter,1,0.99
3186,Email Surveillance,1,1.99
2275,Spread Your Wings,1,0.99
344,Travelling Riverside Blues,1,0.99
3253,Instant Karma,1,0.99
2799,Polícia (Vinheta),1,0.99
1522,Vou Pra Ai,1,0.99
1967,A Moça e a Chuva,1,0.99
637,Overtime,1,0.99
3442,"Wellington's Victory or the Battle Symphony, Op.91: 2. Symphony of Triumph",1,0.99
2528,Heliopolis,1,0.99
222,Vida Boa,1,0.99
2742,The Seeker,1,0.99
1006,Virginia Moon,1,0.99
3046,Higher Ground,1,0.99
3462,Wake Up Alone,1,0.99
453,Cold Gin,1,0.99
2555,B.Y.O.B.,1,0.99
1950,Dance,1,0.99
3047,Bring Me Your Cup,1,0.99
1549,Hot Rockin',1,0.99
563,União Da Ilha,1,0.99
3463,Some Unholy War,1,0.99
1613,Stairway To Heaven,1,0.99
2098,No More Tears,1,0.99
438,Hard Luck Woman,1,0.99
1804,The Unforgiven,1,0.99
853,Cigano,1,0.99
2526,Song For Lorraine,1,0.99
1349,Back in the Village,1,0.99
3378,Safe and Sound,1,0.99
799,The Cut Runs Deep,1,0.99
276,Maracatu De Tiro Certeiro,1,0.99
1044,My Kind Of Town,1,0.99
1823,So What,1,0.99
589,Um Love,1,0.99
3054,Cathedral,1,0.99
1583,Going To California,1,0.99
682,Down On The Corner,1,0.99
567,Tradição,1,0.99
44,You Learn,1,0.99
1144,Homecoming / The Death Of St. Jimmy / East 12th St. / Nobody Likes You / Rock And Roll Girlfriend / We're Coming Home Again,1,0.99
2150,Given To Fly,1,0.99
816,The Battle Rages On,1,0.99
1585,Whole Lotta Love (Medley),1,0.99
2391,Around The World,1,0.99
1398,Fortunes Of War,1,0.99
1022,"Hey, Johnny Park!",1,0.99
507,Lindo Lago Do Amor,1,0.99
2951,Sweetest Thing,1,0.99
944,A Small Victory,1,0.99
419,A Kind Of Magic,1,0.99
3035,The First Time,1,0.99
2601,Bankrobber,1,0.99
2760,Salve Nossa Senhora,1,0.99
2235,Any Colour You Like,1,0.99
2214,Leash,1,0.99
1540,Papelão,1,0.99
1434,When You Gonna Learn (Digeridoo),1,0.99
519,Voce Nao Entende Nada - Cotidiano,1,0.99
965,Epic,1,0.99
1250,Gates Of Tomorrow,1,0.99
30,Amazing,1,0.99
521,Menino Do Rio,1,0.99
2828,The Passage,1,1.99
3101,Primary,1,0.99
2345,O Dia Em Que A Terra Parou,1,0.99
2303,Bittersweet Me,1,0.99
2605,This Is Radio Clash,1,0.99
1561,Tyrant (Live),1,0.99
981,Zeca Violeiro,1,0.99
2149,Corduroy,1,0.99
1221,2 Minutes To Midnight,1,0.99
3308,"Danny Boy, Danny Boy",1,0.99
1678,Soul Parsifal,1,0.99
3073,Dreams,1,0.99
209,Eclipse Oculto,1,0.99
138,Bored To Tears,1,0.99
2538,Wall Of Denial,1,0.99
3229,"Lost Planet of the Gods, Pt. 1",1,1.99
947,Midnight Cowboy,1,0.99
972,Woodpecker From Mars,1,0.99
1411,The Educated Fool,1,0.99
2864,Orientation,1,1.99
3374,All Night Thing,1,0.99
90,Set It Off,1,0.99
1681,Leila,1,0.99
904,Knockin On Heavens Door,1,0.99
2130,Beach Sequence,1,0.99
2900,Exposé,1,1.99
3032,"Stay (Faraway, So Close!)",1,0.99
3133,Here I Go Again,1,0.99
2754,O Descobridor Dos Sete Mares,1,0.99
2682,Saint Of Me,1,0.99
526,Fora Da Ordem,1,0.99
2594,Clash City Rockers,1,0.99
1428,Get Up Offa That Thing,1,0.99
524,Queixa,1,0.99
2800,Querem Meu Sangue,1,0.99
312,Eu Também Quero Beijar,1,0.99
1151,Paradise City,1,0.99
862,Acelerou,1,0.99
1185,You Could Be Mine,1,0.99
494,Slave,1,0.99
469,Poprocks And Coke,1,0.99
1793,Be Good Johnny,1,0.99
1986,Intro,1,0.99
488,Macy's Day Parade,1,0.99
2255,Another One Bites The Dust,1,0.99
1101,De Ouro E Marfim (Live),1,0.99
1048,It Was A Very Good Year,1,0.99
1995,Scentless Apprentice,1,0.99
99,Your Time Has Come,1,0.99
629,Opus No.1,1,0.99
726,Palavras Ao Vento,1,0.99
1215,Transylvania,1,0.99
3499,Pini Di Roma (Pinien Von Rom) \ I Pini Della Via Appia,1,0.99
2999,Heartland,1,0.99
2591,White Riot,1,0.99
3210,Back from Vacation,1,1.99
3405,Canon and Gigue in D Major: I. Canon,1,0.99
1727,Brumário,1,0.99
2410,Xanadu,1,0.99
442,Goin' Blind,1,0.99
2254,Bohemian Rhapsody,1,0.99
1238,Blood Brothers,1,0.99
12,Breaking The Rules,1,0.99
479,Walking Contradiction,1,0.99
2143,Women In Uniform,1,0.99
2513,Rusty Cage,1,0.99
1354,Ghost Of The Navigator,1,0.99
1976,Same Ol' Situation,1,0.99
2486,Soot & Stars,1,0.99
3030,Numb,1,0.99
1503,Lords of Karma,1,0.99
2892,Fire + Water,1,1.99
2477,My Mistake,1,0.99
2782,Go Back,1,0.99
696,"Suzie-Q, Pt. 2",1,0.99
2396,Californication,1,0.99
1253,Face In The Sand,1,0.99
2954,Dancing Barefoot,1,0.99
270,Banditismo Por Uma Questa,1,0.99
898,Bell Bottom Blues,1,0.99
384,Mistério da Raça,1,0.99
1713,I Belong To You,1,0.99
2577,Cursed Diamonds,1,0.99
3274,God,1,0.99
2535,Let Me Love You Baby,1,0.99
826,Pour Some Sugar On Me,1,0.99
431,The Invisible Man,1,0.99
2737,Happy Jack,1,0.99
2654,Don't Stand so Close to Me,1,0.99
2114,When The World Was Young,1,0.99
3351,Din Din Wo (Little Child),1,0.99
911,Hey Hey,1,0.99
462,Valentino's,1,0.99
2297,The Wake-Up Bomb,1,0.99
2691,You Got Me Rocking,1,0.99
1615,Four Sticks,1,0.99
1397,Man On The Edge,1,0.99
2126,Slug,1,0.99
2160,Nothingman,1,0.99
3290,The Zoo,1,0.99
1579,Since I've Been Loving You,1,0.99
3069,Unchained,1,0.99
711,Molina,1,0.99
768,Knocking At Your Back Door,1,0.99
1036,I Get A Kick Out Of You,1,0.99
2089,Selvagem,1,0.99
1928,"Maria, Maria",1,0.99
188,Gates Of Urizen,1,0.99
1467,Are You Gonna Be My Girl,1,0.99
2155,MFC,1,0.99
2164,F*Ckin' Up,1,0.99
1932,Saudade Dos Aviões Da Panair (Conversando No Bar),1,0.99
2536,Leave My Girl Alone,1,0.99
650,Canto De Ossanha,1,0.99
2700,Suck On The Jugular,1,0.99
2413,Anthem,1,0.99
843,Otay,1,0.99
1161,Don't Cry (Original),1,0.99
447,Shout It Out Loud,1,0.99
1911,I Don't Wanna Be Kissed (By Anyone But You),1,0.99
2428,Evil Ways,1,0.99
1684,Quando Você Voltar,1,0.99
