track_name,total_sold,total_revenue
The Trooper,5,4.95
Untitled,4,3.96
Eruption,4,3.96
Sure Know Something,4,3.96
The Number Of The Beast,4,3.96
Hallowed Be Thy Name,4,3.96
Sweetest Thing,3,2.97
Welcome Home (Sanitarium),3,2.97
Release,3,2.97
Stairway To Heaven,3,2.97
Can I Play With Madness,3,2.97
Heaven Can Wait,3,2.97
Selvagem,3,2.97
Blood Brothers,3,2.97
Dazed and Confused,3,2.97
Plaster Caster,3,2.97
Brasil,3,2.97
Good Golly Miss Molly,3,2.97
Iron Maiden,3,2.97
2 Minutes To Midnight,3,2.97
Surrender,3,2.97
Sanctuary,3,2.97
Where Eagles Dare,3,2.97
Linha Do Equador,3,2.97
Flying High Again,3,2.97
Binky The Doormat,2,1.98
Since I've Been Loving You,2,1.98
Hot Girl,2,3.98
Moonchild,2,1.98
Música No Ar,2,1.98
You Better You Bet,2,1.98
When My Left Eye Jumps,2,1.98
Give Me Novacaine,2,1.98
Plot 180,2,1.98
We Are The Champions,2,1.98
Pretty Noose,2,1.98
Miami,2,1.98
Peace On Earth,2,1.98
Prowler,2,1.98
Garden of Eden,2,1.98
Midnight From The Inside Out,2,1.98
The Midnight Special,2,1.98
The Prisoner,2,1.98
The Unforgiven II,2,1.98
She Loves Me Not,2,1.98
Morena De Angola,2,1.98
Country Feedback,2,1.98
All I Want Is You,2,1.98
Deuces Are Wild,2,1.98
You're My Best Friend,2,1.98
Banditismo Por Uma Questa,2,1.98
Immigrant Song,2,1.98
Wrathchild,2,1.98
Revolta Olodum,2,1.98
Norwegian Wood,2,1.98
Stir It Up (Live),2,1.98
Lixo Do Mangue,2,1.98
I Believe,2,1.98
That's The Way,2,1.98
Real Love,2,1.98
Paint It Black,2,1.98
Esquinas,2,1.98
No Quarter,2,1.98
I'm Going Slightly Mad,2,1.98
"Scheherazade, Op. 35: I. The Sea and Sindbad's Ship",2,1.98
Compadre,2,1.98
Mel,2,1.98
Rocket Queen,2,1.98
Somebody To Love,2,1.98
City Of Blinding Lights,2,1.98
Chemical Wedding,2,1.98
Holiday,2,1.98
Drum Boogie,2,1.98
Heaven Coming Down,2,1.98
How Many More Times,2,1.98
Folhas Secas,2,1.98
"Dois Pra Lá, Dois Pra Cá",2,1.98
Cherub Rock,2,1.98
L'Arc En Ciel De Miles,2,1.98
"Mama, I'm Coming Home",2,1.98
Communication Breakdown,2,1.98
Save The Children,2,1.98
The Last Song,2,1.98
Menino De Rua,2,1.98
Susie Q,2,1.98
Acelerou,2,1.98
Give Peace a Chance,2,1.98
Rock & Roll,2,1.98
Nice Guys Finish Last,2,1.98
Lamento De Carnaval,2,1.98
Question!,2,1.98
Basket Case,2,1.98
The Clairvoyant,2,1.98
For Whom The Bell Tolls,2,1.98
Everlasting Love,2,1.98
Polly,2,1.98
So What,2,1.98
Under The Bridge,2,1.98
Primavera,2,1.98
Drifter,2,1.98
Gyroscope,2,1.98
Voodoo,2,1.98
Snowballed,2,1.98
Gay Witch Hunt,2,3.98
Calling Dr. Love,2,1.98
Hey America,2,1.98
Falamansa Song,2,1.98
Run Silent Run Deep,2,1.98
Por Causa De Você,2,1.98
Run To The Hills,2,1.98
Phyllis's Wedding,2,3.98
Re-Align,2,1.98
Bullet With Butterfly Wings,2,1.98
Açai,2,1.98
Ramble On,2,1.98
Cornucopia,2,1.98
Lugar Nenhum,2,1.98
Before You Accuse Me,2,1.98
Get Up,2,1.98
Saber Amar,2,1.98
L'Avventura,2,1.98
End Of Romanticism,2,1.98
Rappers Reais,2,1.98
Amor De Muito,2,1.98
Whatsername,2,1.98
Só Tinha De Ser Com Você,2,1.98
J Squared,2,1.98
Álibi,2,1.98
Speed Of Light,2,1.98
Take It Or Leave It,2,1.98
Judgement Of Heaven,2,1.98
You Got Me Rocking,2,1.98
Romance Ideal,2,1.98
When Love Comes To Town,2,1.98
Living On Love,2,1.98
Toda Cor,2,1.98
Comportamento Geral,2,1.98
"String Quartet No. 12 in C Minor, D. 703 ""Quartettsatz"": II. Andante - Allegro assai",2,1.98
Nebulosa Do Amor,2,1.98
I Can't Explain,2,1.98
Lemon Drop,2,1.98
Rehab,2,1.98
Sun King,2,1.98
Meu Erro,2,1.98
Sweet Hitch-Hiker,2,1.98
Motorbreath,2,1.98
Easy,2,1.98
What A Day,2,1.98
Dancing Days,2,1.98
Saturnine,2,1.98
Imagine,2,1.98
Dazed And Confused,2,1.98
Caleidoscópio,2,1.98
Believe,2,1.98
Tear,2,1.98
The Duke,2,1.98
Stone Cold Crazy,2,1.98
Don't Look Now,2,1.98
Powerslave,2,1.98
Nothing Else Matters,2,1.98
Dezesseis,2,1.98
Animal,2,1.98
Balls to the Wall,2,1.98
Dirty Day,2,1.98
Ghost Of The Navigator,2,1.98
The Thin Line Between Love & Hate,2,1.98
Down by the Sea,2,1.98
Woman Of The World (Ao Vivo),2,1.98
Comida,2,1.98
Pride (In The Name Of Love),2,1.98
You've Got Another Thing Comin',2,1.98
Rock And Roll All Nite,2,1.98
Light Years,2,1.98
Beira Mar,2,1.98
Beautiful Boy,2,1.98
Walkabout,2,3.98
Bem Devagar,2,1.98
The Woman King,2,3.98
A Melhor Forma,2,1.98
Azul,2,1.98
King For A Day,2,1.98
Undertow,2,1.98
Breakdown,2,1.98
For Your Life,2,1.98
Bowels Of The Devil,2,1.98
Piece Of Pie,2,1.98
Inject The Venom,2,1.98
New Year's Day,2,1.98
Meditação,2,1.98
A Novidade (Live),2,1.98
Blue Rythm Fantasy,2,1.98
When I Come Around,2,1.98
Radio Song,2,1.98
Helpless,2,1.98
Mr. Cab Driver,2,1.98
Overdose,2,1.98
Turbo Lover,2,1.98
Dream Of Mirrors,2,1.98
Lay Down Sally,2,1.98
Samba De Orly,2,1.98
Geni E O Zepelim,2,1.98
Shakes and Ladders,2,1.98
For the Greater Good of God,2,1.98
Slither,2,1.98
"Abraham, Martin And John",2,1.98
Perfect Crime,2,1.98
Sign Of The Cross,2,1.98
Layla,2,1.98
Samba Do Lado,2,1.98
Celebration Day,2,1.98
Times Like These,2,1.98
Shoot Me Again,2,1.98
Caffeine,2,1.98
Your Time Is Gonna Come,2,1.98
Gimme Some Truth,2,1.98
"Whatever It Is, I Just Can't Stop",2,1.98
Que Luz É Essa,2,1.98
Don't Take Your Love From Me,2,1.98
So Central Rain,2,1.98
Já Foi,2,1.98
Pilot,2,3.98
Desire,2,1.98
A Cor Do Sol,2,1.98
The Unforgiven,2,1.98
Starburst,2,1.98
Nega Do Cabelo Duro,2,1.98
Black Dog,2,1.98
"Suite No. 3 in D, BWV 1068: III. Gavotte I & II",2,1.98
Não Quero Dinheiro,2,1.98
Afraid To Shoot Strangers,2,1.98
Walking Into Clarksdale,2,1.98
Walter's Walk,2,1.98
Children Of The Grave,2,1.98
Maybe I'm A Leo,2,1.98
The House Jack Built,2,1.98
Right On Time,2,1.98
Leper Messiah,2,1.98
War Pigs,2,1.98
Don't Look To The Eyes Of A Stranger,2,1.98
"Symphonie Fantastique, Op. 14: V. Songe d'une nuit du sabbat",2,1.98
Is This Love (Live),2,1.98
I'm Gonna Crawl,2,1.98
Phantom Lord,2,1.98
The Fix,2,3.98
Let Me Love You Baby,2,1.98
Mis Penas Lloraba Yo (Ao Vivo) Soy Gitano (Tangos),2,1.98
When I Look At The World,2,1.98
Red Light,2,1.98
Sunday Bloody Sunday,2,1.98
As Rosas Não Falam (Beth Carvalho),2,1.98
Onde Anda Você,2,1.98
Babylon,2,1.98
Smells Like Teen Spirit,2,1.98
Promises,2,1.98
Whiskey In The Jar,2,1.98
Living Loving Maid (She's Just A Woman),2,1.98
Meu Caro Amigo,2,1.98
Fall On Me,2,1.98
All Along The Watchtower,2,1.98
C'est La Vie,2,1.98
Boris The Spider,2,1.98
Intro,2,1.98
Hallelujah Here She Comes,2,1.98
Smoke On The Water,2,1.98
Menestrel Das Alagoas,2,1.98
Pela Luz dos Olhos Teus (Miúcha e Tom Jobim),2,1.98
O Pulso,2,1.98
The Evil That Men Do,2,1.98
Waiting,2,1.98
Train In Vain,2,1.98
Bron-Y-Aur Stomp,2,1.98
Nossa Gente (Avisa Là),2,1.98
She,2,1.98
The Star Spangled Banner,2,1.98
Sunshine Of Your Love,2,1.98
Not The Doctor,2,1.98
The Wicker Man,2,1.98
Shock Me,2,1.98
Snowblind,2,1.98
Tanto Tempo,2,1.98
Better Than You,2,1.98
Tempo Perdido,2,1.98
Ando Meio Desligado,2,1.98
Mensagen De Amor (2000),2,1.98
Manguetown,2,1.98
Esporrei Na Manivela,2,1.98
No No No,2,1.98
Master Of Puppets,2,1.98
The Garden,2,1.98
Fear Of The Dark,2,1.98
Cabeça Dinossauro,2,1.98
"Music for the Funeral of Queen Mary: VI. ""Thou Knowest, Lord, the Secrets of Our Hearts""",2,1.98
Commotion,2,1.98
Last Cup Of Sorrow,2,1.98
Um Amor Puro,2,1.98
Aces High,2,1.98
How to Stop an Exploding Man,2,3.98
Two Hearts Beat As One,2,1.98
Bumbo Da Mangueira,2,1.98
Firmamento,2,1.98
Soldier Side - Intro,2,1.98
Onde Você Mora?,2,1.98
Big Wave,2,1.98
In The Evening,2,1.98
The Aftermath,2,1.98
Lonely Stranger,2,1.98
Sangue Latino,2,1.98
Branch Closing,2,3.98
Violent Pornography,2,1.98
Gangland,2,1.98
Midlife Crisis,2,1.98
Year to the Day,2,1.98
Title Song,2,1.98
Battery,2,1.98
Leave My Girl Alone,2,1.98
Travis Walk,2,1.98
Thank You,2,1.98
Tarde Em Itapoã,2,1.98
Stormbringer,2,1.98
Comin' Home,2,1.98
Blues For Pablo (Alternate Take),1,0.99
RV,1,0.99
Papelão,1,0.99
Given To Fly,1,0.99
Nervosa,1,0.99
You Shook Me(2),1,0.99
Lightning Strikes Twice,1,0.99
"Symphony No. 3 Op. 36 for Orchestra and Soprano ""Symfonia Piesni Zalosnych"" \ Lento E Largo - Tranquillissimo",1,0.99
Pot-Pourri N.º 4,1,0.99
Were Do We Go From Here,1,0.99
Take the Box,1,0.99
"Exodus, Pt. 2",1,1.99
Humans Being,1,0.99
Ain't My Bitch,1,0.99
Óculos,1,0.99
Brumário,1,0.99
Texarkana,1,0.99
Walking On The Water,1,0.99
Born To Move,1,0.99
Caso Você Queira Saber,1,0.99
Dirty Love,1,0.99
"Always With Me, Always With You",1,0.99
Endgame,1,0.99
The Zoo,1,0.99
Sometimes Salvation,1,0.99
Quanta (Live),1,0.99
Take The Power,1,0.99
Do It For The Kids,1,0.99
Sleep On The Sidewalk,1,0.99
Rock And Roll Is Dead,1,0.99
O Boto (Bôto),1,0.99
Scentless Apprentice,1,0.99
Nem 5 Minutos Guardados,1,0.99
De La Luz,1,0.99
So Por Amor,1,0.99
Dance Of Death,1,0.99
Aquilo,1,0.99
Sozinho (Hitmakers Classic Mix),1,0.99
God,1,0.99
Preciso Apender a Viver Só (Maysa),1,0.99
All Star,1,0.99
Most High,1,0.99
Bullet The Blue Sky,1,0.99
Wrote A Song For Everyone,1,0.99
Radio Free Aurope,1,0.99
Dandelion,1,0.99
Beija-Flor,1,0.99
The Right Thing,1,0.99
Vamo Batê Lata,1,0.99
Four Sticks,1,0.99
Purgatory,1,0.99
Poor Twisted Me,1,0.99
Genghis Khan,1,0.99
Lords of Karma,1,0.99
American Idiot,1,0.99
Hooked Up,1,0.99
Jah Seh No,1,0.99
Surprise! You're Dead!,1,0.99
Your Time Has Come,1,0.99
Eu Apenas Queria Que Voçê Soubesse,1,0.99
I Was Made For Loving You,1,0.99
Night Flight,1,0.99
Vida De Cachorro,1,0.99
I Can't Quit You Baby(2),1,0.99
Road Trippin',1,0.99
O Trem Da Juventude,1,0.99
Dancing In The Street,1,0.99
Hot Rockin',1,0.99
Occupation / Precipice,1,1.99
Fortunate Son,1,0.99
Under Pressure,1,0.99
Como É Duro Trabalhar,1,0.99
Funky Piano,1,0.99
Producer's Cut: The Return,1,1.99
Make Me Believe,1,0.99
Walking Wounded,1,0.99
Felicidade Urgente,1,0.99
I Know Somethin (Bout You),1,0.99
Take the Celestra,1,1.99
I Don't Wanna Be Kissed (By Anyone But You),1,0.99
Dirty Little Thing,1,0.99
World Wide Suicide,1,0.99
Do You Love Me,1,0.99
No Way Back,1,0.99
2 X 4,1,0.99
Like A Song...,1,0.99
Homem Primata,1,0.99
Disposable Heroes,1,0.99
Staring At The Sun,1,0.99
One Step Closer,1,0.99
Seu Balancê,1,0.99
Hell Ain't A Bad Place To Be,1,0.99
Como Estais Amigos,1,0.99
...And Justice For All,1,0.99
Aloha,1,0.99
Jungle Drums,1,0.99
My Kind Of Town,1,0.99
Maluco Beleza,1,0.99
Love Gun,1,0.99
Bring Me Your Cup,1,0.99
Meu Guarda-Chuva,1,0.99
Samba Pra Endrigo,1,0.99
Free Me,1,0.99
Baltar's Escape,1,1.99
Heart Of Gold,1,0.99
Suck On The Jugular,1,0.99
A Moça e a Chuva,1,0.99
Evil Ways,1,0.99
Roxanne,1,0.99
"All Dead, All Dead",1,0.99
I Can See For Miles,1,0.99
Spank Thru,1,0.99
The Hard Part,1,1.99
Highway Chile,1,0.99
Me Deixas Louca,1,0.99
Sam With The Showing Scalp Flat Top,1,0.99
Lanterna Dos Afogados,1,0.99
Poprocks And Coke,1,0.99
Sir Psycho Sexy,1,0.99
Bora-Bora,1,0.99
Da Lama Ao Caos,1,0.99
On Fire,1,0.99
Damage Inc.,1,0.99
Brighter Than a Thousand Suns,1,0.99
Lodi,1,0.99
Spirit Walker,1,0.99
It's A Hard Life,1,0.99
When I Had Your Love,1,0.99
Hey Cisco,1,0.99
It's A Man's Man's Man's World,1,0.99
Duelists,1,0.99
Nothing to Hide,1,1.99
Destitute Illusions,1,0.99
Armadura,1,0.99
If You Have To Ask,1,0.99
Instinto Colectivo,1,0.99
Funk de Bamba,1,0.99
Lil' Evil,1,0.99
Hit The Lights,1,0.99
Mas Que Nada,1,0.99
Letterbomb,1,0.99
The Thing That Should Not Be,1,0.99
The Power Of Equality,1,0.99
La Puesta Del Sol,1,0.99
Podes Crer,1,0.99
Genesis,1,1.99
Psychopomp,1,0.99
Diversity Day,1,1.99
Midnight Cowboy,1,0.99
Na Frente Da TV,1,0.99
Colibri,1,0.99
High Ball Shooter,1,0.99
Os Exilados,1,0.99
Coração De Estudante,1,0.99
Fight From The Inside,1,0.99
Paradise City,1,0.99
Flash of The Blade,1,0.99
Nico,1,0.99
Scratch-N-Sniff,1,0.99
"Through the Looking Glass, Pt. 1",1,1.99
Querem Meu Sangue,1,0.99
"So Fast, So Numb",1,0.99
F**k Me Pumps,1,0.99
Shotgun Blues,1,0.99
Persuasion,1,0.99
Groovus Interruptus,1,0.99
Xanadu,1,0.99
Dust N' Bones,1,0.99
Rag Doll,1,0.99
I Looked At You,1,0.99
Boulevard Of Broken Dreams,1,0.99
Wake Up Dead Man,1,0.99
Hysteria,1,0.99
Unfinished Business,1,1.99
The Sun Road,1,0.99
Sem Sentido,1,0.99
Hawkmoon 269,1,0.99
True Believers,1,0.99
Plush,1,0.99
1/2 Full,1,0.99
Stand Inside Your Love,1,0.99
Extraordinary Girl,1,0.99
Fast And Loose,1,0.99
Fantasia On Greensleeves,1,0.99
Beth,1,0.99
MFC,1,0.99
Shout It Out Loud,1,0.99
Die With Your Boots On,1,0.99
All For You,1,0.99
Pretty Tied Up,1,0.99
Come Fly With Me,1,0.99
Miss Sarajevo,1,0.99
Feel Your Love Tonight,1,0.99
Mack The Knife,1,0.99
Headlong,1,0.99
Você Fugiu,1,0.99
As Dores do Mundo,1,0.99
[Just Like] Starting Over,1,0.99
Frantic,1,0.99
O Livro Dos Dias,1,0.99
Rock On,1,0.99
"Oh, My Love",1,0.99
Geek Stink Breath,1,0.99
Deus Ex Machina,1,1.99
The Last Remaining Light,1,0.99
Minha Namorada,1,0.99
Pinball Wizard,1,0.99
Twentienth Century Fox,1,0.99
"Piano Sonata No. 14 in C Sharp Minor, Op. 27, No. 2, ""Moonlight"": I. Adagio sostenuto",1,0.99
Beijo Partido,1,0.99
No One Came,1,0.99
Bê-a-Bá,1,0.99
Seventh Son of a Seventh Son,1,0.99
Sons Of Freedom,1,0.99
Nothin' To Lose,1,0.99
Parabolicamará,1,0.99
Wild Side,1,0.99
Virginia Moon,1,0.99
Slave,1,0.99
Down Under,1,0.99
Chega no Suingue,1,0.99
Body Count,1,0.99
Slug,1,0.99
Blow Your Mind,1,0.99
Ponta de Areia,1,0.99
In Bloom,1,0.99
Um Jantar Pra Dois,1,0.99
Entrando Na Sua (Intro),1,0.99
Água E Fogo,1,0.99
Mouth To Mouth,1,0.99
Carolina,1,0.99
Action,1,0.99
Se...,1,0.99
Caçador de Mim (Sá & Guarabyra),1,0.99
Tears In Heaven,1,0.99
Três Lados,1,0.99
Get On The Snake,1,0.99
O Leaozinho,1,0.99
Nefertiti,1,0.99
Cafezinho,1,0.99
Jeru,1,0.99
The Moth,1,1.99
For Those About To Rock (We Salute You),1,0.99
The Fly,1,0.99
Get Up Offa That Thing,1,0.99
Gavioes 2001,1,0.99
I Need Love,1,0.99
Laguna Sunrise,1,0.99
Squeeze Box,1,0.99
Burden In My Hand,1,0.99
Star A.D.,1,0.99
Yahweh,1,0.99
Whiplash,1,0.99
Fat Bottomed Girls,1,0.99
Do You Have Other Loves?,1,0.99
"De Do Do Do, De Da Da Da",1,0.99
I Don't Know,1,0.99
The River (Remix),1,0.99
Black Light Syndrome,1,0.99
Queixa,1,0.99
Wasting Love,1,0.99
Eu Sou Neguinha (Ao Vivo),1,0.99
Voce Inteira,1,0.99
Sua Impossivel Chance,1,0.99
Flores,1,0.99
Bye Bye Blackbird,1,0.99
Go,1,0.99
Ji Yeon,1,1.99
Put Your Head Out,1,0.99
Mistério da Raça,1,0.99
Jeito Faceiro,1,0.99
A Menina Dança,1,0.99
Sheer Heart Attack,1,0.99
Faixa Amarela,1,0.99
Tudo Bem,1,0.99
Às Vezes,1,0.99
The More I See,1,0.99
Coroné Antonio Bento,1,0.99
Bleed The Freak,1,0.99
Marvin,1,0.99
Palavras Ao Vento,1,0.99
Evil Woman,1,0.99
Carta Ao Tom 74,1,0.99
Talk About The Passion,1,0.99
Quase Um Segundo,1,0.99
The Crystal Ship,1,0.99
Dreams,1,0.99
Distractions,1,1.99
Walk To The Water,1,0.99
Love Rescue Me,1,0.99
Bad Obsession,1,0.99
Funk Hum,1,0.99
Gates Of Tomorrow,1,0.99
Acrobat,1,0.99
Século XXI,1,0.99
Feirinha da Pavuna/Luz do Repente/Bagaço da Laranja,1,0.99
Night Of The Long Knives,1,0.99
"Prometheus Overture, Op. 43",1,0.99
Experiment In Terra,1,1.99
Por Que Será,1,0.99
Won't Get Fooled Again (Full Length Version),1,0.99
Opachorô (Live),1,0.99
Indios,1,0.99
"Karelia Suite, Op.11: 2. Ballade (Tempo Di Menuetto)",1,0.99
Love Comes,1,0.99
Terra,1,0.99
Hip Hop Rio,1,0.99
Stripsearch,1,0.99
Insensível,1,0.99
Straight Out Of Line,1,0.99
San Francisco Bay Blues,1,0.99
Tendo A Lua,1,0.99
Radio/Video,1,0.99
I Can't Remember,1,0.99
Papa's Got A Brand New Bag Pt.1,1,0.99
Cristina Nº 2,1,0.99
What Now My Love,1,0.99
Communication Breakdown(2),1,0.99
"Étude 1, In C Major - Preludio (Presto) - Liszt",1,0.99
Carol,1,0.99
Muçulmano,1,0.99
Crystal Ball,1,0.99
Iron Man/Children of the Grave,1,0.99
Fuel,1,0.99
"Greetings from Earth, Pt. 2",1,1.99
Exploder,1,0.99
The Lost Warrior,1,1.99
Say Hello 2 Heaven,1,0.99
Morning Glory,1,0.99
Não Vou Ficar,1,0.99
Muita Bobeira,1,0.99
Stranger In a Strange Land,1,1.99
Um Love,1,0.99
Breed,1,0.99
Can't Stop,1,0.99
Mr. Brownstone,1,0.99
United Colours,1,0.99
Through a Looking Glass,1,1.99
Dancing Barefoot,1,0.99
Can't Stop Loving You,1,0.99
Soul Singing,1,0.99
Aeroplane Flies High,1,0.99
When Love & Hate Collide,1,0.99
Theme From The Swan,1,0.99
Disappearing Act,1,0.99
Lindo Lago Do Amor,1,0.99
Samba pras moças,1,0.99
O Que Será (À Flor Da Terra),1,0.99
Stranger in a Strange Land,1,0.99
Família,1,0.99
Saudosa Maloca,1,0.99
Call Me a Dog,1,0.99
These Colours Don't Run,1,0.99
Assaltaram A Gramática,1,0.99
Life During Wartime,1,0.99
Friend Of A Friend,1,0.99
Forgiven,1,0.99
Eleanor Rigby,1,0.99
Don't Cry,1,0.99
Palavras,1,0.99
Hey Joe,1,0.99
"Concerto for Cello and Orchestra in E minor, Op. 85: I. Adagio - Moderato",1,0.99
Meet Kevin Johnson,1,1.99
Sobremesa,1,0.99
The Day I Tried To Live,1,0.99
One Man's Meat,1,0.99
Um Passeio No Mundo Livre,1,0.99
A Small Victory,1,0.99
Miracle To Me,1,0.99
Ito Okashi,1,0.99
Childhoods End?,1,0.99
Lord of Light,1,0.99
Leave,1,0.99
Ro-Que-Se-Da-Ne,1,0.99
All Night Thing,1,0.99
Planet Home,1,0.99
Flight Of The Rat,1,0.99
Cigano,1,0.99
Caras Como Eu,1,0.99
Body Count's In The House,1,0.99
A Day In the Life,1,1.99
Cinema Mudo,1,0.99
Into The Fire,1,0.99
Michael's Birthday,1,1.99
Blissed & Gone,1,0.99
You Keep On Moving,1,0.99
The Frayed Ends Of Sanity,1,0.99
Elderly Woman Behind The Counter In A Small Town,1,0.99
Zambação,1,0.99
Running Free,1,0.99
Blue Train,1,0.99
Sapato 36,1,0.99
First Time I Met The Blues,1,0.99
Não Vou Lutar,1,0.99
Yesterdays,1,0.99
Women In Uniform,1,0.99
The Angel And The Gambler,1,0.99
Army Ants,1,0.99
Brave New World,1,0.99
Don't Go Back To Rockville,1,0.99
Yesterday To Tomorrow,1,0.99
Living In America,1,0.99
Wake Up,1,0.99
Rollover D.J.,1,0.99
Tatuagem,1,0.99
Do what cha wanna,1,0.99
The Pan Piper,1,0.99
Puteiro Em João Pessoa,1,0.99
Just Friends,1,0.99
Abrir A Porta,1,0.99
Tempos Modernos,1,0.99
Billie Jean,1,0.99
Transylvania,1,0.99
05 - Phantom of the Opera,1,0.99
Commercial 2,1,0.99
I Do,1,1.99
Fly By Night,1,0.99
Todo Amor Que Houver Nesta Vida,1,0.99
The Wake-Up Bomb,1,0.99
Black Night,1,0.99
Black Capricorn Day,1,0.99
Love And Peace Or Else,1,0.99
Shout At The Devil,1,0.99
On A Plain,1,0.99
Symphony No. 2: III. Allegro vivace,1,0.99
You Know I'm No Good (feat. Ghostface Killah),1,0.99
Trac Trac,1,0.99
Soul Education,1,0.99
Zooropa,1,0.99
Any Colour You Like,1,0.99
Please Don't Touch,1,0.99
The Morning After,1,0.99
(White Man) In Hammersmith Palais,1,0.99
Coração Em Desalinho,1,0.99
Relvelation (Mother Earth),1,0.99
The Assassin,1,0.99
Californication,1,0.99
Blood On The World's Hands,1,0.99
Drowning Man,1,0.99
"Baltimore, DC",1,0.99
Rock Of Ages,1,0.99
Fortuneteller,1,0.99
Got That Feeling,1,0.99
Entre E Ouça,1,0.99
Fates Warning,1,0.99
New Love,1,0.99
Go Down,1,0.99
They're Red Hot,1,0.99
"Tapa Aqui, Descobre Ali",1,0.99
Adios nonino,1,0.99
Only A Dream In Rio,1,0.99
"The Living Legend, Pt. 2",1,1.99
Whatever Gets You Thru the Night,1,0.99
Extra,1,0.99
I Like Dirt,1,0.99
Naked In The Rain,1,0.99
Dance Enquanto é Tempo,1,0.99
F*Ckin' Up,1,0.99
Born On The Bayou,1,0.99
Back off Bitch,1,0.99
Cochise,1,0.99
The Great Gig In The Sky,1,0.99
Vôo Sobre o Horizonte,1,0.99
E.C.T.,1,0.99
Original Of The Species,1,0.99
The Three Sunrises,1,0.99
Gimmie Shelters,1,0.99
Soldado Da Paz,1,0.99
Time Is On My Side,1,0.99
Amor Demais,1,0.99
The Job,1,1.99
TriboTchan,1,0.99
Morro Da Casa Verde 2001,1,0.99
Salutations,1,0.99
Beach Sequence,1,0.99
Crash Course In Brain Surgery,1,0.99
A Cura,1,0.99
Doesn't Remind Me,1,0.99
Machine Men,1,0.99
Naked In Front Of The Computer,1,0.99
Black Mountain Side,1,0.99
Up An' Atom,1,0.99
"Hey, Johnny Park!",1,0.99
Seis Da Tarde,1,0.99
Better Halves,1,1.99
A Touch Away,1,0.99
Deuce,1,0.99
Die Walküre: The Ride of the Valkyries,1,0.99
Can You See Me,1,0.99
Tommy Gun,1,0.99
Smoked Pork,1,0.99
Manifest Destiny,1,0.99
Burn Away,1,0.99
Crossfire,1,0.99
Nobody Knows You When You're Down & Out,1,0.99
House of the Rising Sun,1,1.99
Ramshackle Man,1,0.99
From Out Of Nowhere,1,0.99
Fire,1,0.99
Of Wolf And Man,1,0.99
Paranoid,1,0.99
Outbreak,1,0.99
Salve Simpatia,1,0.99
Eu Vim Da Bahia - Live,1,0.99
"Concerto No.2 in F Major, BWV1047, I. Allegro",1,0.99
Protesto Do Olodum (Ao Vivo),1,0.99
Magic Bus,1,0.99
Crackerman,1,0.99
Trampled Under Foot,1,0.99
El Farol,1,0.99
The Playboy Mansion,1,0.99
SKA,1,0.99
Eu Também Quero Beijar,1,0.99
Maria,1,0.99
Out Of Sight,1,0.99
Still,1,0.99
Sereia,1,0.99
Back Door Man,1,0.99
Demorou!,1,0.99
Lucky 13,1,0.99
E.S.P.,1,0.99
Saudade Dos Aviões Da Panair (Conversando No Bar),1,0.99
"Lost Planet of the Gods, Pt. 2",1,1.99
Black Moon Creeping,1,0.99
Magnetic Ocean,1,0.99
Restless and Wild,1,0.99
Millenium,1,0.99
Dança Da Solidão,1,0.99
Radio GA GA,1,0.99
No Prayer For The Dying,1,0.99
So Beautiful,1,0.99
"Past, Present, and Future",1,1.99
Real Thing,1,0.99
The Seeker,1,0.99
Jump,1,0.99
Outlaws,1,1.99
Jerusalem,1,0.99
King Of Dreams,1,0.99
Knockin On Heavens Door,1,0.99
Another Life,1,0.99
Um Satélite Na Cabeça,1,0.99
"A Midsummer Night's Dream, Op.61 Incidental Music: No.7 Notturno",1,0.99
Ain't Talkin' 'bout Love,1,0.99
I Can't Quit You Baby,1,0.99
Wet My Bed,1,0.99
What Is And What Should Never Be,1,0.99
Paths Of Glory,1,0.99
Jailbait,1,0.99
I Belong To You,1,0.99
Clash City Rockers,1,0.99
Take This Bottle,1,0.99
Crazy Train,1,0.99
Why Go,1,0.99
I'm A Boy,1,0.99
Rios Pontes & Overdrives,1,0.99
Top O' The Morning To Ya,1,0.99
Home Sweet Home,1,0.99
Socorro,1,0.99
Gostava Tanto De Você,1,0.99
Love Child,1,0.99
Rasul,1,0.99
Diamonds And Rust (Live),1,0.99
The Battle Rages On,1,0.99
Under The Sun/Every Day Comes and Goes,1,0.99
Busca Vida,1,0.99
Stone Crazy,1,0.99
Help Yourself,1,0.99
The Wrong Child,1,0.99
Instant Karma,1,0.99
It's Too Funky In Here,1,0.99
The Prophecy,1,0.99
Falar A Verdade,1,0.99
The Whole Truth,1,1.99
Right Now,1,0.99
Mofo,1,0.99
This Is Radio Clash,1,0.99
De Ja Vu,1,0.99
Era Uma Vez,1,0.99
You Really Got Me,1,0.99
Drown,1,0.99
Mellowship Slinky In B Major,1,0.99
Navegar Impreciso,1,0.99
Maracatu De Tiro Certeiro,1,0.99
Don't Cry (Original),1,0.99
Losing My Religion,1,0.99
Edie (Ciao Baby),1,0.99
Assim Caminha A Humanidade,1,0.99
Din Din Wo (Little Child),1,0.99
Over The Hills And Far Away,1,0.99
A Banda,1,0.99
Atomic Punk,1,0.99
'Round Midnight,1,0.99
De Noite Na Cama,1,0.99
Romeo et Juliette: No. 11 - Danse des Chevaliers,1,0.99
All I Really Want,1,0.99
Jacob's Ladder,1,0.99
Life Line,1,0.99
Palco,1,0.99
Vertigo,1,0.99
Filho Maravilha,1,0.99
Hard To Handle,1,0.99
You Learn,1,0.99
Falando De Amor,1,0.99
Bankrobber,1,0.99
01 - Prowler,1,0.99
This Is The Place,1,0.99
Disarm,1,0.99
"Symphony No. 41 in C Major, K. 551, ""Jupiter"": IV. Molto allegro",1,0.99
Lemon,1,0.99
Sweet Soul Sister,1,0.99
Um Lugar ao Sol,1,0.99
The Invisible Man,1,0.99
O Beco,1,0.99
My Time After Awhile,1,0.99
Best Thing,1,0.99
Stuck With Me,1,0.99
Enquanto O Dia Não Vem,1,0.99
Alive,1,0.99
Homecoming,1,1.99
Smells Like Teen Spirit (Ao Vivo),1,0.99
The Man Behind the Curtain,1,1.99
Blood In The Wall,1,0.99
O Que Vai Em Meu Coração,1,0.99
D'Yer Mak'er,1,0.99
"Spanish moss-""A sound portrait""-Spanish moss",1,0.99
Samba Em Prelúdio,1,0.99
Can't Stand Losing You,1,0.99
Boogie With Stu,1,0.99
Desaforo,1,0.99
One For The Road,1,0.99
The Zephyr Song,1,0.99
Set It Off,1,0.99
Territorial Pissings,1,0.99
Não Sei O Que Eu Quero Da Vida,1,0.99
The Educated Fool,1,0.99
Around The World,1,0.99
Harvester Of Sorrow,1,0.99
Sometimes I Feel Like Screaming,1,0.99
Neworld,1,0.99
Bell Bottom Blues,1,0.99
Drown Me Slowly,1,0.99
Domingo,1,0.99
Sweethearts Together,1,0.99
Ghost,1,0.99
Tombstone Shadow,1,0.99
Cursed Diamonds,1,0.99
A Noite Do Meu Bem,1,0.99
Brasília 5:31,1,0.99
Par Avion,1,1.99
"Wellington's Victory or the Battle Symphony, Op.91: 2. Symphony of Triumph",1,0.99
Moon Is Up,1,0.99
Carouselambra,1,0.99
Invaders,1,0.99
Lord Of The Flies,1,0.99
Trocando Em Miúdos,1,0.99
Still Loving You,1,0.99
Ashes To Ashes,1,0.99
Criança De Domingo,1,0.99
I Fucking Hate You,1,0.99
Toda Menina Baiana,1,0.99
Reggae Tchan,1,0.99
Oceans,1,0.99
Iron Man,1,0.99
Message in a Bottle (new classic rock mix),1,0.99
Problem Child,1,0.99
When Evening Falls,1,0.99
Kindergarten,1,0.99
Poor Tom,1,0.99
Down On The Corner,1,0.99
X-9 2001,1,0.99
5.15,1,0.99
Red House,1,0.99
You Oughta Know,1,0.99
Papeau Nuky Doe,1,0.99
Agora Que O Dia Acordou,1,0.99
Wear You To The Ball,1,0.99
Saint Of Me,1,0.99
Do You Feel Loved,1,0.99
Misty Mountain Hop,1,0.99
Wall Of Denial,1,0.99
09 - Iron Maiden,1,0.99
The Wind Cries Mary,1,0.99
Jealous Guy,1,0.99
Wake Up Alone,1,0.99
Santana Jam,1,0.99
Even Better Than The Real Thing,1,0.99
Sick Again,1,0.99
Aos Leões,1,0.99
Baba O'Riley,1,0.99
"Say It Loud, I'm Black And I'm Proud Pt.1",1,0.99
Ugly In The Morning,1,0.99
Live and Let Die,1,0.99
Ava Adore,1,0.99
Me Liga,1,0.99
"Get Down, Make Love",1,0.99
Equinocio,1,0.99
Cuckoo For Caca,1,0.99
Bass Trap,1,0.99
Breaking The Rules,1,0.99
"Battlestar Galactica, Pt. 2",1,1.99
The Convict,1,1.99
Journey To Arnhemland,1,0.99
Ali,1,0.99
White Riot,1,0.99
The Meaning Of The Blues,1,0.99
Deep Waters,1,0.99
Freedom For My People,1,0.99
Shape of Things to Come,1,0.99
Safety Training,1,1.99
...And Found,1,1.99
Just Ain't Good Enough,1,0.99
You Are The Everything,1,0.99
Deixa,1,0.99
What It Takes,1,0.99
Headspace,1,0.99
Down By The Seaside,1,0.99
"Diga Lá, Coração",1,0.99
Innuendo,1,0.99
Right Next Door to Hell,1,0.99
Age Of Innocence,1,0.99
Run to the Hills,1,0.99
Formosa,1,0.99
Bush Doctor,1,0.99
Eye Of The Beholder,1,0.99
Falling To Pieces,1,0.99
Primary,1,0.99
Zither,1,0.99
The Dundies,1,1.99
Severed Hand,1,0.99
Admirável Gado Novo,1,0.99
For Your Babies,1,0.99
Finding My Way,1,0.99
The Wait,1,0.99
Garota de Ipanema (Dick Farney),1,0.99
Winterlong,1,0.99
Children of the Damned,1,0.99
O Que Me Importa,1,0.99
Don't Look Back,1,0.99
Grito De Alerta,1,0.99
Dance,1,0.99
Rita Lee,1,0.99
Company Man,1,1.99
Summer Love,1,0.99
Dead And Bloated,1,0.99
Little Linda,1,0.99
Divirta-Se (Saindo Da Sua),1,0.99
The Other 48 Days,1,1.99
It's a Mistake,1,0.99
Dave,1,1.99
Heartland,1,0.99
Jean Pierre (Live),1,0.99
Exodus (Part 2) [Season Finale],1,1.99
Spoonman,1,0.99
KKK Bitch,1,0.99
The Carpet,1,1.99
From Here To Eternity,1,0.99
"Symphony No. 2, Op. 16 -  ""The Four Temperaments"": II. Allegro Comodo e Flemmatico",1,0.99
Bop Boogie,1,0.99
Sozinho (Caêdrum 'n' Bass),1,0.99
The Ocean,1,0.99
Coração do Agreste (Fafá de Belém),1,0.99
Gatas Extraordinárias,1,0.99
Corinna,1,0.99
Tease Me Please Me,1,0.99
Until We Fall,1,0.99
Let Me Off Uptown,1,0.99
Ride The Lightning,1,0.99
Homecoming / The Death Of St. Jimmy / East 12th St. / Nobody Likes You / Rock And Roll Girlfriend / We're Coming Home Again,1,0.99
Tailgunner,1,0.99
Tuesday's Gone,1,0.99
Bohemian Rhapsody,1,0.99
Low Man's Lyric,1,0.99
Eu E Ela,1,0.99
Song For Lorraine,1,0.99
Girl From A Pawnshop,1,0.99
Hard Luck Woman,1,0.99
Shining In The Light,1,0.99
Madalena,1,0.99
Prenda Minha,1,0.99
Spread Your Wings,1,0.99
Homem Primata (Vinheta),1,0.99
With Or Without You,1,0.99
Me & Mr. Jones,1,0.99
Back in the Village,1,0.99
Moby Dick,1,0.99
Top Top,1,0.99
One Giant Leap,1,1.99
The Deeper The Love,1,0.99
Hots On For Nowhere,1,0.99
Pini Di Roma (Pinien Von Rom) \ I Pini Della Via Appia,1,0.99
Hypnotize,1,0.99
"Exodus, Pt. 1",1,1.99
Xote Dos Milagres,1,0.99
Are We The Waiting,1,0.99
Romaria (Renato Teixeira),1,0.99
Deeper Underground,1,0.99
The Glass Ballerina,1,1.99
Fade To Black,1,0.99
Going To California,1,0.99
Lamento Sertanejo,1,0.99
Quando Você Voltar,1,0.99
Fortunes Of War,1,0.99
Black Diamond,1,0.99
Tempo Rei,1,0.99
Tightrope,1,0.99
Mr. Crowley,1,0.99
Save Me,1,0.99
All Because Of You,1,0.99
Fascinação,1,0.99
Numb,1,0.99
Man With The Woman Head,1,0.99
Sozinho,1,0.99
Whole Lotta Love,1,0.99
"Requiem, Op.48: 4. Pie Jesu",1,0.99
Four Walled World,1,0.99
Thinking 'Bout Tomorrow,1,0.99
Believer,1,0.99
Strutter,1,0.99
Civil War,1,0.99
Space Truckin',1,0.99
Black Satin,1,0.99
Esperando Na Janela,1,0.99
Sweet Lady Luck,1,0.99
Go Back,1,0.99
Run Through The Jungle,1,0.99
Over And Out,1,0.99
Show Me How to Live (Live at the Quart Festival),1,0.99
Tomorrow's Dream,1,0.99
My Mistake,1,0.99
Réu Confesso,1,0.99
It Doesn't Matter,1,0.99
"Maria, Maria",1,0.99
Manuel,1,0.99
Heart Of Lothian: Wide Boy / Curtain Call,1,0.99
Santo Antonio,1,0.99
Dujji,1,0.99
Fool In The Rain,1,0.99
Camarão que Dorme e Onda Leva,1,0.99
Nosso Adeus,1,0.99
Condição,1,0.99
Maracatu Atômico,1,0.99
"The Gun On Ice Planet Zero, Pt. 1",1,1.99
Onibusfobia,1,0.99
Brain Stew,1,0.99
The Ides Of March,1,0.99
Rhinocerous,1,0.99
Walking After You,1,0.99
Cuyahoga,1,0.99
Para Lennon E McCartney,1,0.99
White Feather,1,0.99
Travelling Riverside Blues,1,0.99
Out Ta Get Me,1,0.99
Angel Of Harlem,1,0.99
Bring Your Daughter... To The Slaughter,1,0.99
Knocking At Your Back Door,1,0.99
Wonderful Tonight,1,0.99
Time,1,0.99
Balanço,1,0.99
Home Sick Home,1,0.99
(Wish I Could) Hideaway,1,0.99
Get On Top,1,0.99
Solo-Panhandler,1,0.99
A Festa Do Santo Reis,1,0.99
Parallel Universe,1,0.99
Everything's Ruined,1,0.99
My Love,1,0.99
32 Dentes,1,0.99
Happy Jack,1,0.99
Sapopemba e Maxambomba,1,0.99
Christmas Party,1,1.99
Face In The Sand,1,0.99
Let's See Action,1,0.99
Minha Historia,1,0.99
"Canta, Canta Mais",1,0.99
Maracatu Atômico [Trip Hop],1,0.99
Tudo Na Mais Santa Paz,1,0.99
Seconds,1,0.99
Angela,1,0.99
Todo Amor (Asas Da Liberdade),1,0.99
Showcase,1,0.99
Wild Hearted Son,1,0.99
Too Young To Die,1,0.99
Through The Never,1,0.99
Mama Said,1,0.99
How High The Moon,1,0.99
I Want To Break Free,1,0.99
Solitary,1,1.99
May This Be Love,1,0.99
Flower,1,0.99
Canário Do Reino,1,0.99
Salve Nossa Senhora,1,0.99
Kickstart My Heart,1,0.99
B.Y.O.B.,1,0.99
Night Time Is The Right Time,1,0.99
Black,1,0.99
Tea For One,1,0.99
Meninos E Meninas,1,0.99
Unchained,1,0.99
The Small Hours,1,0.99
Bossa,1,0.99
Now You're Gone,1,0.99
Friends,1,0.99
Born to Run,1,1.99
Higher Ground,1,0.99
I Could Have Lied,1,0.99
"The Living Legend, Pt. 1",1,1.99
Mama Africa,1,0.99
The Struggle Within,1,0.99
Green Grow The Rushes,1,0.99
The Call Of Ktulu,1,0.99
It's The End Of The World As We Know It (And I Feel Fine),1,0.99
A.N.D.R.O.T.A.Z.,1,0.99
Love,1,0.99
Vavoom : Ted The Mechanic,1,0.99
Boogie Blues,1,0.99
Interlude Zumbi,1,0.99
Blind Man,1,0.99
Poeira,1,0.99
Os Alquimistas Estão Chegando,1,0.99
Nem Um Dia,1,0.99
Opus No.1,1,0.99
Money,1,0.99
Esse Cara,1,0.99
After Midnight,1,0.99
Last Caress/Green Hell,1,0.99
Sea Of Sorrow,1,0.99
Overtime,1,0.99
Jaded,1,0.99
Two Steps Behind [Acoustic Version],1,0.99
Casa,1,0.99
Reggae Odoyá,1,0.99
"Greetings from Earth, Pt. 1",1,1.99
The Lemon Song,1,0.99
Attitude,1,0.99
Holier Than Thou,1,0.99
Proud Mary,1,0.99
Bored To Tears,1,0.99
Mean Disposition,1,0.99
I Remember California,1,0.99
Welcome to the Jungle,1,0.99
The Show Must Go On,1,0.99
Odara,1,0.99
Bad,1,0.99
Mãe Terra,1,0.99
Sea of Madness,1,0.99
"War of the Gods, Pt. 2",1,1.99
Body Count Anthem,1,0.99
Changes,1,0.99
Goin' Blind,1,0.99
Começaria Tudo Outra Vez,1,0.99
"Bad, Bad Leroy Brown",1,0.99
Sister Awake,1,0.99
It's Late,1,0.99
Sympton of the Universe,1,0.99
Fast As a Shark,1,0.99
Fora Da Ordem,1,0.99
A Twist In The Tail,1,0.99
Os Cegos Do Castelo,1,0.99
A Paz,1,0.99
Sting Me,1,0.99
Idolatrada,1,0.99
By The Way,1,0.99
Blackened,1,0.99
Atras Da Porta,1,0.99
Bicycle Race,1,0.99
Woodpecker From Mars,1,0.99
Lick It Up,1,0.99
Long Tall Sally,1,0.99
All Within My Hands,1,0.99
"The Gun On Ice Planet Zero, Pt. 2",1,1.99
Encontrar Alguém,1,0.99
Denúncia,1,0.99
Rusty Cage,1,0.99
Refavela (Live),1,0.99
Losfer Words,1,0.99
Waiting On A Sign,1,0.99
#9 Dream,1,0.99
Anything Goes,1,0.99
Your Blue Room,1,0.99
Last Night On Earth,1,0.99
Outshined,1,0.99
You Can't Do it Right (With the One You Love),1,0.99
Hemp Family,1,0.99
The Unbeliever,1,0.99
Heart In Your Hand,1,0.99
Ozone Baby,1,0.99
Who Wants To Live Forever,1,0.99
Olodum - Smile (Instrumental),1,0.99
Fire + Water,1,1.99
My Ship,1,0.99
Hang 'Em High,1,0.99
She Wears Black,1,0.99
Rock The Casbah,1,0.99
Vai Valer,1,0.99
Up Around The Bend,1,0.99
Hairshirt,1,0.99
Eu Amo Você,1,0.99
Principiando/Decolagem,1,0.99
Book Of Thel,1,0.99
To Tame A Land,1,0.99
Sampa,1,0.99
Epic,1,0.99
The Gentle Art Of Making Enemies,1,0.99
Get Out,1,0.99
The Hand of God,1,1.99
Into The Light,1,0.99
Wave (Os Cariocas),1,0.99
Big Machine,1,0.99
One,1,0.99
My Hero,1,0.99
All My Love,1,0.99
Assum Preto,1,0.99
Badge,1,0.99
Leandro De Itaquera 2001,1,0.99
Bark at the Moon,1,0.99
Música Urbana 2,1,0.99
Pot-Pourri N.º 2,1,0.99
Shiny Happy People,1,0.99
Um Homem Chamado Alfredo,1,0.99
Hats Off To (Roy) Harper,1,0.99
Can't Get There From Here,1,0.99
When The Levee Breaks,1,0.99
Caught Somewhere in Time,1,0.99
Leash,1,0.99
(Anesthesia) Pulling Teeth,1,0.99
Signe,1,0.99
The Long Patrol,1,1.99
Realce,1,0.99
The Pilgrim,1,0.99
Carolina Hard-Core Ecstasy,1,0.99
Quem Mata A Mulher Mata O Melhor,1,0.99
Do You Like The Way,1,0.99
Verdade,1,0.99
It Was A Very Good Year,1,0.99
De Ouro E Marfim (Live),1,0.99
Silver And Gold,1,0.99
A Statistic,1,0.99
Computadores Fazem Arte,1,0.99
Super Terrorizer,1,0.99
Rock 'N' Roll Music,1,0.99
Angel,1,0.99
Some Kind Of Monster,1,0.99
Evil Walks,1,0.99
Another One Bites The Dust,1,0.99
Suck My Kiss,1,0.99
Doutor,1,0.99
Disenchanted Lullaby,1,0.99
Cold Turkey,1,0.99
Pela Internet (Live),1,0.99
Molina,1,0.99
Meu Mundo Fica Completo (Com Você),1,0.99
Stars,1,0.99
Cathedral,1,0.99
Elza,1,0.99
Nothing To Say,1,0.99
"The Messiah: Behold, I Tell You a Mystery... The Trumpet Shall Sound",1,0.99
As We Sleep,1,0.99
Spellbound,1,0.99
The Tower,1,0.99
Blitzkrieg,1,0.99
Vulcão Dub - Fui Eu,1,0.99
As Profecias,1,0.99
Guess Who's Back,1,0.99
Pictures Of Lily,1,0.99
Infeliz Natal,1,0.99
"Jupiter, the Bringer of Jollity",1,0.99
"Lost Planet of the Gods, Pt. 1",1,1.99
The Memory Remains,1,0.99
Smokin' in The Boys Room,1,0.99
Lazy Gun,1,0.99
Tears Dry On Their Own,1,0.99
"Crossroads, Pt. 2",1,1.99
Child In Time,1,0.99
Where The River Goes,1,0.99
Perfect Circle,1,0.99
The Long Con,1,1.99
Sex Type Thing,1,0.99
Samba da Bençaco,1,0.99
No Fundo Do Quintal Da Escola,1,0.99
It Ain't Like That,1,0.99
How The West Was Won And Where It Got Us,1,0.99
Bring Your Daughter... ...To The Slaughter,1,0.99
Ipiranga 2001,1,0.99
Um Indio,1,0.99
Sangue De Bairro,1,0.99
Minority,1,0.99
Fly Me To The Moon,1,0.99
Someday Never Comes,1,0.99
I Still Haven't Found What I'm Looking For,1,0.99
If God Will Send His Angels,1,0.99
Mangueira,1,0.99
Get What You Need,1,0.99
Join Together,1,0.99
So Cruel,1,0.99
Hero,1,1.99
Canto De Ossanha,1,0.99
"Posso Perder Minha Mulher, Minha Mãe, Desde Que Eu Tenha O Rock And Roll",1,0.99
Respectable,1,0.99
Enter 77,1,1.99
The First Time,1,0.99
Exposé,1,1.99
Live To Win,1,0.99
Bad Seed,1,0.99
Love In An Elevator,1,0.99
Fear Is The Key,1,0.99
The Outlaw Torn,1,0.99
Mateus Enter,1,0.99
He Can Only Hold Her,1,0.99
Moth,1,0.99
Seven Minutes to Midnight,1,1.99
Um Dia Qualquer,1,0.99
Off He Goes,1,0.99
"Symphony No. 104 in D Major ""London"": IV. Finale: Spiritoso",1,0.99
Lavadeira,1,0.99
Breathe,1,0.99
Love Is Strong,1,0.99
Love Is Blindness,1,0.99
W.M.A.,1,0.99
"Você Passa, Eu Acho Graça (Ao Vivo)",1,0.99
When The World Was Young,1,0.99
To Live Is To Die,1,0.99
Creeping Death,1,0.99
Wherever You May Go,1,0.99
Dark Corners,1,0.99
The Beginning of the End,1,1.99
Old Love,1,0.99
Pais E Filhos,1,0.99
Flash,1,0.99
Walkin' Blues,1,0.99
Porcelain,1,0.99
Playtime,1,0.99
Mundaréu,1,0.99
My World,1,0.99
Forty Days Instrumental,1,0.99
Who Needs You,1,0.99
Riviera Paradise,1,0.99
Are You Gonna Go My Way,1,0.99
Pretty Persuasion,1,0.99
The Passage,1,1.99
Orientation,1,1.99
Samba Makossa,1,0.99
My Melancholy Blues,1,0.99
Pot-Pourri N.º 5,1,0.99
God Gave Rock 'n' Roll To You,1,0.99
Honolulu,1,0.99
Romaria,1,0.99
Are You Gonna Be My Girl,1,0.99
Green Disease,1,0.99
Love Don't Mean a Thing,1,0.99
Metrô. Linha 743,1,0.99
Apesar De Você,1,0.99
"Suite for Solo Cello No. 1 in G Major, BWV 1007: I. Prélude",1,0.99
The Convention,1,1.99
Uns Dias,1,0.99
Soul Parsifal,1,0.99
Right Through You,1,0.99
Charles Anjo 45,1,0.99
Midnight,1,0.99
You Sure Love To Ball,1,0.99
Valentino's,1,0.99
Aprendendo A Jogar,1,0.99
Feel It,1,0.99
Only the Good Die Young,1,0.99
Invisible Kid,1,0.99
Cascades : I'm Not Your Lover,1,0.99
Música De Trabalho,1,0.99
Hands All Over,1,0.99
"A Benihana Christmas, Pts. 1 & 2",1,1.99
Rehab (Hot Chip Remix),1,0.99
Wanted Dread And Alive,1,0.99
Chão de Giz (Elba Ramalho),1,0.99
Intro / Stronger Than Me,1,0.99
Am I Evil?,1,0.99
A Bencao E Outros,1,0.99
Juazeiro,1,0.99
One I Want,1,0.99
Pick Myself Up,1,0.99
The Crunge,1,0.99
Maquinarama,1,0.99
Dee,1,0.99
Going Down / Highway Star,1,0.99
Every Breath You Take,1,0.99
Ram It Down,1,0.99
Let It Grow,1,0.99
"Texto ""Verdade Tropical""",1,0.99
Gates Of Urizen,1,0.99
Freewill,1,0.99
S.O.S.,1,1.99
Casa no Campo,1,0.99
Alberta,1,0.99
I Could Die For You,1,0.99
God Of Thunder,1,0.99
The Four Horsemen,1,0.99
Seek And You Shall Find,1,0.99
Get Off Of My Cloud,1,0.99
You Could Be Mine,1,0.99
Otay,1,0.99
Everything I Need,1,0.99
New Test Leper,1,0.99
Heavy Love Affair,1,0.99
"Suzie-Q, Pt. 2",1,0.99
"Act IV, Symphony",1,0.99
Atrás da Porta,1,0.99
I Still Love You,1,0.99
Pseudo Silk Kimono,1,0.99
Inside Job,1,0.99
Astronomy,1,0.99
The Alchemist,1,0.99
Avisa,1,0.99
"Concerto for Piano No. 2 in F Minor, Op. 21: II. Larghetto",1,0.99
"Live Together, Die Alone, Pt. 1",1,1.99
Metal Meltdown,1,0.99
Wearing And Tearing,1,0.99
Love Removal Machine,1,0.99
You Know I'm No Good,1,0.99
As Tears Go By,1,0.99
Put Your Lights On,1,0.99
Leila,1,0.99
Turn The Page,1,0.99
Achilles Last Stand,1,0.99
Get Right,1,0.99
Futureal,1,0.99
C'Mon Everybody,1,0.99
Under My Thumb,1,0.99
Breakthru,1,0.99
Seek & Destroy,1,0.99
Eye,1,0.99
Estranged,1,0.99
Você,1,0.99
I Heard Love Is Blind,1,0.99
14 Years,1,0.99
Long As I Can See The Light,1,0.99
Sonata for Solo Violin: IV: Presto,1,0.99
Love Of My Life,1,0.99
O Braço Da Minha Guitarra,1,0.99
O Dia Em Que A Terra Parou,1,0.99
Where Have All The Good Times Gone?,1,0.99
Here I Am (Come And Take Me),1,0.99
Phantom Of The Opera,1,0.99
Paisagem Na Janela,1,0.99
Livin' On The Edge,1,0.99
Água de Beber,1,0.99
Scar On the Sky,1,0.99
Aquele Abraço,1,0.99
"Um Amor, Um Lugar",1,0.99
The Finest Worksong,1,0.99
Amy Amy Amy (Outro),1,0.99
"Anyway, Anyhow, Anywhere",1,0.99
Jorge Da Capadócia,1,0.99
I Still Haven't Found What I'm Looking for,1,0.99
Die Die My Darling,1,0.99
O Descobridor Dos Sete Mares,1,0.99
You Ain't the First,1,0.99
Carnival Of Sorts,1,0.99
Viradouro,1,0.99
"Peer Gynt Suite No.1, Op.46: 1. Morning Mood",1,0.99
God Part II,1,0.99
Run To The Hilss,1,0.99
União Da Ilha,1,0.99
Linha Do Horizonte,1,0.99
When You Gonna Learn (Digeridoo),1,0.99
Caprichosos,1,0.99
The Wanderer,1,0.99
Freewheel Burning,1,0.99
[Untitled],1,0.99
Garota Nacional,1,0.99
N.I.B.,1,0.99
Sad Statue,1,0.99
Gota D'água,1,0.99
Compulsion,1,0.99
Homely Girl,1,0.99
Etnia,1,0.99
It's Only Love,1,0.99
See You,1,0.99
"Alô, Alô, Marciano",1,0.99
Duende,1,0.99
"Sabbath, Bloody Sabbath",1,0.99
Samba Do Jato,1,0.99
Menino Do Rio,1,0.99
Get Up (I Feel Like Being A) Sex Machine,1,0.99
Think About You,1,0.99
O Cidadão Do Mundo,1,0.99
Maria Maria,1,0.99
Saudosismo,1,0.99
Não Dá Mais Pra Segurar (Explode Coração),1,0.99
La Bella Luna,1,0.99
Swing Low Sweet Chariot,1,0.99
The Fugitive,1,0.99
Samba Da Volta,1,0.99
Praise,1,0.99
American Woman,1,0.99
Cure,1,0.99
I Get A Kick Out Of You,1,0.99
Flor De Lis,1,0.99
I Want It All,1,0.99
What If I Do?,1,0.99
Santa Clara Clareou,1,0.99
Murders In The Rue Morgue,1,0.99
Diwali,1,1.99
I Feel Good (I Got You) - Sossego,1,0.99
Love Conquers All,1,0.99
Can't Keep,1,0.99
Bleed Together,1,0.99
Rock Das Aranhas (Ao Vivo) (Live),1,0.99
Zeca Violeiro,1,0.99
Fall To Pieces,1,0.99
Amanhã Não Se Sabe,1,0.99
"Stay (Faraway, So Close!)",1,0.99
Zé Trindade,1,0.99
Levada do Amor (Ailoviu),1,0.99
Departure,1,0.99
Creep,1,0.99
Ponto De Interrogação,1,0.99
Evil Dick,1,0.99
Been A Son,1,0.99
O Bicho Tá Pregando,1,0.99
Black Hole Sun,1,0.99
Gone,1,0.99
Oceano,1,0.99
Double Talkin' Jive,1,0.99
Lilás,1,0.99
Pensamento,1,0.99
Se Liga,1,0.99
Chão De Estrelas,1,0.99
Know Your Rights,1,0.99
Closer To The Heart,1,0.99
2 A.M.,1,0.99
Soot & Stars,1,0.99
A Kind Of Magic,1,0.99
King In Crimson,1,0.99
Like a Stone,1,0.99
Será Que Vai Chover?,1,0.99
You've Been A Long Time Coming,1,0.99
Cérebro Eletrônico,1,0.99
Jesus Of Suburbia / City Of The Damned / I Don't Care / Dearly Beloved / Tales Of Another Broken Home,1,0.99
Be Aggressive,1,0.99
King Nothing,1,0.99
Tradição,1,0.99
Sábado A Noite,1,0.99
Estrela (Live),1,0.99
Razor,1,0.99
Be Mine,1,0.99
Secrets,1,0.99
Bittersweet Me,1,0.99
Sítio Do Pica-Pau Amarelo,1,0.99
Panama,1,0.99
The Begining... At Last,1,0.99
"Battlestar Galactica, Pt. 1",1,1.99
Vai Passar,1,0.99
You Shook Me,1,0.99
Low,1,0.99
Longview,1,0.99
Dirty Water Dog,1,0.99
Macy's Day Parade,1,0.99
Camisa Verde 2001,1,0.99
Parasite,1,1.99
War (The Process),1,0.99
It's So Easy,1,0.99
Until It Sleeps,1,0.99
Safe and Sound,1,0.99
Pagan Baby,1,0.99
Spanish Eyes,1,0.99
Janie's Got A Gun,1,0.99
The Beginning...At Last,1,0.99
Out On The Tiles,1,0.99
Copacabana (Live),1,0.99
Chains Of Misery,1,0.99
Cry For Love,1,0.99
Medo De Escuro,1,0.99
Same Ol' Situation,1,0.99
Arc,1,0.99
Every Time I Look At You,1,0.99
Vida Boa,1,0.99
Stone Free,1,0.99
Metal Militia,1,0.99
High Head Blues,1,0.99
The Coup,1,1.99
Dissident,1,0.99
Heliopolis,1,0.99
"Trash, Trampoline And The Party Girl",1,0.99
Lament,1,0.99
Livre Pra Viver,1,0.99
Orion,1,0.99
Será,1,0.99
Jesus Christ Pose,1,0.99
Hey Hey,1,0.99
Man On The Edge,1,0.99
Redundant,1,0.99
Amazing,1,0.99
Where The Wild Things Are,1,0.99
Porch,1,0.99
Never Say Die,1,0.99
Be Good Johnny,1,0.99
Cotton Fields,1,0.99
Prince Charming,1,0.99
Sincero Breu,1,0.99
Eclipse Oculto,1,0.99
The Unwritten Law,1,0.99
Refazenda,1,0.99
My Friend Of Misery,1,0.99
Pau-De-Arara,1,0.99
Damage Case,1,0.99
Underwater Love,1,0.99
Hot Dog,1,0.99
No Futuro,1,0.99
Voce Nao Entende Nada - Cotidiano,1,0.99
Confusion,1,0.99
Construção / Deus Lhe Pague,1,0.99
Still Life,1,0.99
Podres Poderes,1,0.99
Sonifera Ilha,1,0.99
Slowness,1,0.99
Ligia,1,0.99
Night Train,1,0.99
O Xote Das Meninas,1,0.99
Houses Of The Holy,1,0.99
"Bye, Bye Brasil",1,0.99
The Unforgettable Fire,1,0.99
On Mercury,1,0.99
Chaos-Control,1,0.99
Momentos Que Marcam,1,0.99
Don't Stand so Close to Me,1,0.99
The Magnificent Warriors,1,1.99
Nobody's Home,1,0.99
Sing Joyfully,1,0.99
Breadfan,1,0.99
Atrás Da Verd-E-Rosa Só Não Vai Quem Já Morreu,1,0.99
Killing Floor,1,0.99
Maria Fumaça,1,0.99
Hush,1,0.99
Berimbau,1,0.99
A Sua,1,0.99
Advance Romance,1,0.99
Canon and Gigue in D Major: I. Canon,1,0.99
Remedy,1,0.99
Tyrant (Live),1,0.99
Dog Eat Dog,1,0.99
We Will Rock You,1,0.99
Corduroy,1,0.99
Chapa o Coco,1,0.99
Faceless,1,0.99
Padre Cícero,1,0.99
Holy Smoke,1,0.99
Thief In The Night,1,0.99
Seven Seas Of Rhye,1,0.99
Realword,1,0.99
Fica,1,0.99
As Aparências Enganam,1,0.99
Put The Finger On You,1,0.99
Sound of a Gun,1,0.99
I'm Real,1,0.99
Collaborators,1,1.99
É Fogo,1,0.99
"Man of Science, Man of Faith (Premiere)",1,1.99
Cold Gin,1,0.99
No Memory,1,0.99
You're Gonna Break My Hart Again,1,0.99
Loving You Sunday Morning,1,0.99
Wake Me Up When September Ends,1,0.99
Maria Rosa,1,0.99
In Your Honor,1,0.99
Segue O Seco,1,0.99
Todo Mundo Explica,1,0.99
Don't Damn Me,1,0.99
Walk On,1,0.99
The Cut Runs Deep,1,0.99
You Fool No One,1,0.99
Two Fanfares for Orchestra: II. Short Ride in a Fast Machine,1,0.99
The 23rd Psalm,1,1.99
Anthem,1,0.99
If You Don't Know Me By Now,1,0.99
Back to Black,1,0.99
Little Guitars,1,0.99
The Economist,1,1.99
Revenga,1,0.99
Waterhole (Expresso Bongo),1,0.99
Princess of the Dawn,1,0.99
Strange Kind Of Woman,1,0.99
Satch Boogie,1,0.99
Hey Tonight,1,0.99
Trupets Of Jericho,1,0.99
Coma,1,0.99
Walking Contradiction,1,0.99
"New York, New York",1,0.99
Fairies Wear Boots,1,0.99
No More Tears,1,0.99
Out Of Tears,1,0.99
Here I Go Again,1,0.99
Heartbreaker,1,0.99
Still Of The Night,1,0.99
A Man And A Woman,1,0.99
Discotheque,1,0.99
Monkey Wrench,1,0.99
New York,1,0.99
Babyface,1,0.99
Me In Honey,1,0.99
Jump In The Fire,1,0.99
River Song,1,0.99
Brain Damage,1,0.99
Cigaro,1,0.99
Little Guitars (Intro),1,0.99
"Crossroads, Pt. 1",1,1.99
Sem Essa de Malandro Agulha,1,0.99
The God That Failed,1,0.99
It's Just A Thought,1,0.99
Vou Pra Ai,1,0.99
Something Nice Back Home,1,1.99
Everlong,1,0.99
O Amor Nao Sabe Esperar,1,0.99
Wildest Dreams,1,0.99
Satisfação,1,0.99
Todo o Carnaval tem seu Fim,1,0.99
The Initiation,1,1.99
Moon germs,1,0.99
Pristina,1,0.99
Formigueiro,1,0.99
Panis Et Circenses,1,0.99
Uma Brasileira,1,0.99
Crumbs From Your Table,1,0.99
Back from Vacation,1,1.99
Electrolite,1,0.99
I Am,1,0.99
Pictures Of Home,1,0.99
King Of Pain,1,0.99
Bad Moon Rising,1,0.99
Halloween,1,1.99
Malpractice,1,0.99
Meu Refrigerador Não Funciona,1,0.99
Whole Lotta Love (Medley),1,0.99
Com Açúcar E Com Afeto,1,0.99
Looking For Love,1,0.99
Nothingman,1,0.99
Polícia (Vinheta),1,0.99
Giz,1,0.99
Cropduster,1,0.99
"""?""",1,1.99
"Partita in E Major, BWV 1006A: I. Prelude",1,0.99
St. Jimmy,1,0.99
Luis Inacio (300 Picaretas),1,0.99
O Último Romântico (Ao Vivo),1,0.99
Pour Some Sugar On Me,1,0.99
Catch-22,1,1.99
Green River,1,0.99
Prá Dizer Adeus,1,0.99
Dead Horse,1,0.99
Adrift,1,1.99
"There's No Place Like Home, Pt. 3",1,1.99
We're Gonna Groove,1,0.99
"Metopes, Op. 29: Calypso",1,0.99
04 - Running Free,1,0.99
Ten Years Gone,1,0.99
Perplexo,1,0.99
Don't You Cry,1,0.99
Bleeding Me,1,0.99
I Would Do For You,1,0.99
Overdrive,1,0.99
Lost in Hollywood,1,0.99
Rime of the Ancient Mariner,1,0.99
Loud Love,1,0.99
Crossroads,1,0.99
Lost Survival Guide,1,1.99
Ela Disse Adeus,1,0.99
"Danny Boy, Danny Boy",1,0.99
Expresso 2222,1,0.99
Primal Scream,1,0.99
Who'll Stop The Rain,1,0.99
Some Unholy War,1,0.99
Email Surveillance,1,1.99
